coreid,dwc.countr,idigbio.is,dwc.geodet,idigbio.ge,idigbio.lo,idigbio.la,idigbio.ev,idigbio._1,dwc.scient,ac.accessU,range,pixelpercm,leaf_area,infl_length,initials,date_collected,notes
001d714d-acca-482a-a8ce-5b8a253c5d84,netherlands,nld,WGS84,"{""lat"": 51.970639, ""lon"": 5.641871}",5.641871,51.970639,1931,9/13/31,lythrum salicaria,https://medialib.naturalis.nl/file/id/WAG.1071143/format/large,native,47.166,3.505,9.485,JM,10/28/25,
006c28a3-955b-49b3-ad3e-916db12c2947,netherlands,nld,WGS84,"{""lat"": 53.255027, ""lon"": 5.889179}",5.889179,53.255027,1849,1849/07/01,lythrum salicaria,https://medialib.naturalis.nl/file/id/L.3331161/format/large,native,40.753,1.656,17.487,JM,11/4/25,infl looked cut off so measured from where it most likely started
0080f833-b0c2-4763-9e50-7170fe249091,united states,usa,WGS84,"{""lat"": 42.89051, ""lon"": -71.93935}",-71.93935,42.89051,1925,9/1/25,lythrum salicaria,https://neherbaria.org/imglib/cnh/UniversityofNewHampshire_NHA/NHA-706/NHA-706845.jpg,invasive,163.049,1.69,27.008,JM,11/4/25,
0100a3cf-9521-46d7-a682-94fa3c1656b8,united states,usa,WGS84,"{""lat"": 45.8667, ""lon"": -119.828}",-119.828,45.8667,2017,8/18/17,lythrum salicaria,https://www.pnwherbaria.org/images/jpeg.php?Image=WTU-V-035363.jpg,invasive,125.5,2.001,6.416,JM,11/4/25,
010f4bc1-cf57-460a-a2fc-1b83542818cb,netherlands,nld,WGS84,"{""lat"": 52.190854, ""lon"": 6.447482}",6.447482,52.190854,1905,7/1/05,lythrum salicaria,https://medialib.naturalis.nl/file/id/L.3331052/format/large,native,35.75,12.048,22.685,JM,11/4/25,
01ac661a-7f3a-4ff6-a73b-89e1be9cb390,united states,usa,WGS84,"{""lat"": 41.6161, ""lon"": -73.1178}",-73.1178,41.6161,1958,9/15/58,lythrum salicaria,"https://images.collections.yale.edu/iiif/2/ypm:183e3999-dcfc-4b17-99a9-849dd1e51d1f/full/!1920,1920/0/default.jpg",invasive,,,,JM,11/4/25,"could not measure, no scale in photo"
01b26ba7-e14f-490f-a61c-bebe5734f92e,united states,usa,WGS84,"{""lat"": 43.24677, ""lon"": -72.39408}",-72.39408,43.24677,1971,9/29/71,lythrum salicaria,https://neherbaria.org/imglib/cnh/KeeneStateCollege_KESC/KESC05/KESC05002.jpg,invasive,150.013,,8.79,JM,11/4/25,"only measured infl_length, no viable leaves"
023329bb-47c1-4553-9295-663a9a07e33a,norway,nor,WGS84,"{""lat"": 59.8811, ""lon"": 10.7776}",10.7776,59.8811,1866,1866/07/07,lythrum salicaria,https://www.unimus.no/felles/bilder/web_hent_bilde.php?id=13387078&type=jpeg,native,120.016,5.329,12.179,JM,11/10/25,
02a8f15b-2af3-4618-8c4e-2ec8aacbf964,united states,usa,WGS84,"{""lat"": 43.45113, ""lon"": -76.543706}",-76.543706,43.45113,1971,8/1/71,lythrum salicaria,https://neherbaria.org/imglib/cnh/StateUniversityofNewYorkatOswego_OSW/OSW0014/OSW0014617_lg.jpg,invasive,133.135,11.651,26.682,JM,11/10/25,
02f2b6c6-b278-470c-b10c-0a83df1ea5bd,united states,usa,WGS84,"{""lat"": 44.441263, ""lon"": -93.317661}",-93.317661,44.441263,1991,7/10/91,lythrum salicaria,https://s3.msi.umn.edu/mbaenrms3fs/images/MIN_Plants/01397/1397155_lg.jpg,invasive,,,,JM,11/10/25,"could not measure, link broken"
036377c0-7247-4c98-890a-779bb0f788fa,united states,usa,WGS84,"{""lat"": 40.981595, ""lon"": -75.135403}",-75.135403,40.981595,1937,7/17/37,lythrum salicaria,https://mam.ansp.org/image/PH/Fullsize/00449/PH00449119.jpg,invasive,,,,JM,11/10/25,"could not measure, link broken"
0368be84-c28e-460f-b98c-802d9e5ec151,united states,usa,WGS84,"{""lat"": 43.63525, ""lon"": -72.2531}",-72.2531,43.63525,1979,6/26/79,lythrum salicaria,https://neherbaria.org/imglib/cnh/UniversityofNewHampshire_NHA/NHA-706/NHA-706829.jpg,invasive,157.003,3.754,9.966,JM,11/10/25,
038e6057-a743-40d9-9352-e99d797c07c3,netherlands,nld,WGS84,"{""lat"": 52.553827, ""lon"": 5.940126}",5.940126,52.553827,1925,8/17/25,lythrum salicaria,https://medialib.naturalis.nl/file/id/L.3333014/format/large,native,37,10.484,8.889,JM,11/10/25,
0396c8d6-ec94-48b2-a0da-baa2c550127d,netherlands,nld,WGS84,"{""lat"": 53.078506, ""lon"": 6.66317}",6.66317,53.078506,1953,7/23/53,lythrum salicaria,https://medialib.naturalis.nl/file/id/L.3331342/format/large,native,36.5,5.553,20.595,JM,11/10/25,
03ab6f15-14b8-432a-a9a3-2fc051c0a12a,united states,usa,WGS84,"{""lat"": 41.40136, ""lon"": -73.47053}",-73.47053,41.40136,1994,9/1/94,lythrum salicaria,https://neherbaria.org/imglib/cnh/WesternConnecticutStateUniversity_WCSU/WCSU-02/WCSU-02619.jpg,invasive,146,4.639,7.421,JM,11/11/25,
03cf303c-61a5-4298-9a46-08b063368739,netherlands,nld,WGS84,"{""lat"": 52.285032, ""lon"": 5.716943}",5.716943,52.285032,1966,7/13/66,lythrum salicaria,https://medialib.naturalis.nl/file/id/L.4227201/format/large,native,37,4.868,22.087,JM,11/11/25,
0477568a-9550-47e6-a4f8-68a7a633bd05,netherlands,nld,WGS84,"{""lat"": 52.760521, ""lon"": 5.942738}",5.942738,52.760521,1936,1/1/36,lythrum salicaria,https://medialib.naturalis.nl/file/id/L.3333017/format/large,native,38.25,6.207,,JM,11/11/25,"could not measure infl_length, no infl to measure"
0486d527-e7c2-4d90-a615-ccfa6023ebab,united states,usa,WGS84,"{""lat"": 41.7922, ""lon"": -72.7189}",-72.7189,41.7922,1958,7/26/58,lythrum salicaria,"https://images.collections.yale.edu/iiif/2/ypm:d68827ce-9fa4-4da8-a4d2-a628a1ca7a0b/full/!1920,1920/0/default.jpg",invasive,,,,JM,11/11/25,could not measure. no scale
04b7074a-9df9-41ae-9095-53c4e07634b7,netherlands,nld,WGS84,"{""lat"": 53.417826, ""lon"": 5.42479}",5.42479,53.417826,1960,8/27/60,lythrum salicaria,https://medialib.naturalis.nl/file/id/L.3331195/format/large,native,37,0.735,5.125,JM,11/11/25,
04d8db07-2705-4d23-a7b0-e669ad27ef5e,netherlands,nld,WGS84,"{""lat"": 52.140343, ""lon"": 4.824793}",4.824793,52.140343,1953,7/21/53,lythrum salicaria,https://medialib.naturalis.nl/file/id/L.3331362/format/large,native,36.5,4.978,12.458,JM,11/13/25,
05502991-ec60-4ee8-81c2-0b52ec3f83cf,netherlands,nld,WGS84,"{""lat"": 52.37285, ""lon"": 4.616257}",4.616257,52.37285,1896,1896/07/20,lythrum salicaria,https://medialib.naturalis.nl/file/id/L.3331192/format/large,native,,,,JM,11/13/25,link broken
05a75432-d045-43f9-8ef1-8847555780d4,netherlands,nld,WGS84,"{""lat"": 52.1494, ""lon"": 4.83929}",4.83929,52.1494,1944,8/26/44,lythrum salicaria,https://medialib.naturalis.nl/file/id/L.3331197/format/large,native,37.25,2.367,13.495,JM,11/13/25,
05ac3559-075c-4464-a8ec-615da3d7b2f8,netherlands,nld,WGS84,"{""lat"": 52.145914, ""lon"": 4.327981}",4.327981,52.145914,1936,8/1/36,lythrum salicaria,https://medialib.naturalis.nl/file/id/L.3331206/format/large,native,35.753,9.791,17.738,JM,11/13/25,
06530e14-9bb7-4142-9980-769d4dac20b9,united states,usa,WGS84,"{""lat"": 42.85045, ""lon"": -70.86096}",-70.86096,42.85045,1981,10/4/81,lythrum salicaria,https://neherbaria.org/imglib/cnh/WestfieldStateUniversity_WSCH/WSCH002/WSCH002915.jpg,invasive,130.015,7.003,21.661,JM,11/13/25,
065f5f0c-7206-485f-88a7-1a99a68ed00b,norway,nor,WGS84,"{""lat"": 59.8791, ""lon"": 10.6149}",10.6149,59.8791,1927,8/30/27,lythrum salicaria,https://www.unimus.no/felles/bilder/web_hent_bilde.php?id=13413384&type=jpeg,native,121.004,5.341,24.162,JM,11/13/25,
0757c844-da66-41dd-ac3d-4184fb512b22,united states,usa,WGS84,"{""lat"": 37.570296, ""lon"": -79.372228}",-79.372228,37.570296,1992,8/7/92,lythrum salicaria,https://sernecportal.org/imglib/seinet/sernec/WILLI/00058/58591.jpg,invasive,126.004,5.632,19.711,JM,11/13/25,
0790f64c-3a93-497d-9626-e3391b309eca,united states,usa,WGS84,"{""lat"": 40.101499, ""lon"": -74.885166}",-74.885166,40.101499,1948,10/31/48,lythrum salicaria,http://mam.ansp.org/image/MCA/Fullsize/0041/MCA0041873.jpg,invasive,,,,JM,11/13/25,link broken
07af7afa-1b04-4956-92ab-d258d49d90fb,netherlands,nld,WGS84,"{""lat"": 52.19148, ""lon"": 4.400024}",4.400024,52.19148,1911,7/23/11,lythrum salicaria,https://medialib.naturalis.nl/file/id/L.3331209/format/large,native,38.25,3.314,15.108,JM,11/13/25,
0856aba3-960a-4684-8545-4ed19b655ad4,netherlands,nld,WGS84,"{""lat"": 53.145367, ""lon"": 7.068746}",7.068746,53.145367,1950,7/8/50,lythrum salicaria,https://medialib.naturalis.nl/file/id/L.3331294/format/large,native,37.003,3.128,6.465,JM,11/13/25,
085a05bc-06ab-4f2e-aa07-958033331a82,netherlands,nld,WGS84,"{""lat"": 51.919096, ""lon"": 4.11528}",4.11528,51.919096,1915,7/28/15,lythrum salicaria,https://medialib.naturalis.nl/file/id/L.3331267/format/large,native,35.506,9.341,20.467,JM,11/13/25,
08a804be-4476-4dfb-b619-f853016f16f0,united states,usa,WGS84,"{""lat"": 43.24677, ""lon"": -72.39408}",-72.39408,43.24677,1980,7/16/80,lythrum salicaria,https://neherbaria.org/imglib/cnh/UniversityofNewHampshire_NHA/NHA-706/NHA-706858.jpg,invasive,161.003,13.851,24.163,JM,11/13/25,
08c29a19-941d-40cc-a2d1-f368746c2ce9,united states,usa,WGS84,"{""lat"": 41.1005, ""lon"": -73.55422}",-73.55422,41.1005,1979,7/24/79,lythrum salicaria,https://neherbaria.org/imglib/cnh/BartlettArboretum_BART/BART-00/BART-00968.jpg,invasive,148.03,1.602,10.876,JM,11/13/25,
08cf69a1-e83e-4229-80ed-4907138abeb5,united states,usa,WGS84,"{""lat"": 40.508438, ""lon"": -74.45181}",-74.45181,40.508438,1990,8/1/90,lythrum salicaria,http://mam.ansp.org/image/CHRB/Fullsize/0001/CHRB0001095.jpg,invasive,,,,JM,11/13/25,link broken
0990a446-00e8-43e6-a745-67cc21f1b8ef,united states,usa,WGS84,"{""lat"": 40.068925, ""lon"": -75.12214}",-75.12214,40.068925,1926,7/25/26,lythrum salicaria,https://mam.ansp.org/image/PH/Fullsize/00449/PH00449137.jpg,invasive,,,,JM,11/13/25,link broken
09c5dddc-97d5-48f7-b99b-4b30dd82544e,united states,usa,WGS84,"{""lat"": 40.40611, ""lon"": -78.44614}",-78.44614,40.40611,1988,8/15/88,lythrum salicaria,http://mam.ansp.org/image/PAC/Fullsize/0051/PAC0051437.jpg,invasive,,,,JM,11/13/25,link broken
09f3a671-6d68-4e39-93a4-bb8eab4d7b26,united kingdom,gbr,WGS84,"{""lat"": 53.483124, ""lon"": -0.751243}",-0.751243,53.483124,1913,6/27/13,lythrum salicaria,https://data.nhm.ac.uk/media/a991691a-4dc1-42ca-9032-7b11c81aafb4,native,42.5029,7.73,15.929,JM,11/13/25,link broken
0a04177f-f9be-4bb5-828c-10dd1862c420,norway,nor,WGS84,"{""lat"": 59.6124, ""lon"": 10.4151}",10.4151,59.6124,2004,9/4/04,lythrum salicaria,https://www.unimus.no/felles/bilder/web_hent_bilde.php?id=13430639&type=jpeg,native,120.004,2.364,6.473,JM,11/13/25,
0a88890c-07f9-4f32-8aa6-b1c2674e2b72,norway,nor,WGS84,"{""lat"": 57.9887, ""lon"": 7.5243}",7.5243,57.9887,1947,6/24/47,lythrum salicaria,https://www.unimus.no/felles/bilder/web_hent_bilde.php?id=13386545&type=jpeg,native,122,11.948,7.246,JM,11/13/25,
0aee7f7b-a46a-42bb-9571-2ee258822697,netherlands,nld,WGS84,"{""lat"": 51.968882, ""lon"": 4.695974}",4.695974,51.968882,1927,7/15/27,lythrum salicaria,https://medialib.naturalis.nl/file/id/L.3331191/format/large,native,38.0033,6.56,8.185,JM,11/13/25,link broken
0b371675-2e63-44bf-9479-4d16438f8c10,netherlands,nld,WGS84,"{""lat"": 51.969651, ""lon"": 5.932913}",5.932913,51.969651,1901,1/1/01,lythrum salicaria,https://medialib.naturalis.nl/file/id/U.1362279/format/large,native,35.375,6.845,18.461,JM,11/13/25,link broken
0b4602dc-cde5-4c61-9a86-6ab3cd30b7eb,united states,usa,WGS84,"{""lat"": 43.53049, ""lon"": -72.98545}",-72.98545,43.53049,1889,1889/07/05,lythrum salicaria,http://nansh.org/imglib/seinet/nansh/VT/UVMVT084/UVMVT084355.jpg,invasive,125.016,6.465,14.148,JM,11/13/25,
0b520f25-e953-4e57-8be4-0fb1f0baebcb,united states,usa,WGS84,"{""lat"": 43.277013, ""lon"": -87.96325}",-87.96325,43.277013,1976,7/22/76,lythrum salicaria,https://midwestherbaria.org/imglib/storage/uwl/aquatic/UWL0000/UWL0000017_lg.jpg,invasive,91.501,5.097,17.448,JM,11/16/25,
0bc19be2-6109-4c2b-8ac7-1fe2071da771,united states,usa,WGS84,"{""lat"": 44.763643, ""lon"": -91.417505}",-91.417505,44.763643,2009,8/29/09,lythrum salicaria,https://midwestherbaria.org/imglib/storage/uwl/aquatic/UWL0000/UWL0000008_lg.jpg,invasive,90.005,2.902,15.106,JM,11/16/25,
0bc371a8-09e5-426a-ba25-0e3efae000a4,united states,usa,WGS84,"{""lat"": 43.004248, ""lon"": -88.531789}",-88.531789,43.004248,1978,9/28/78,lythrum salicaria,https://midwestherbaria.org/imglib/storage/uwm/aquatic/UWM0012/UWM0012398_lg.jpg,invasive,62.667,7.631,10.618,JM,11/16/25,
0c28be2b-14a2-4d90-a398-c6dc8a98ddb2,netherlands,nld,WGS84,"{""lat"": 52.417784, ""lon"": 4.615473}",4.615473,52.417784,1958,9/7/58,lythrum salicaria,https://medialib.naturalis.nl/file/id/L.3331189/format/large,native,36.5,5.181,10.302,JM,11/16/25,
0c74f4dd-e9e7-424e-991c-d939b7fb3572,united states,usa,WGS84,"{""lat"": 45.551128, ""lon"": -122.945691}",-122.945691,45.551128,1982,7/23/82,lythrum salicaria,https://www.pnwherbaria.org/images/jpeg.php?Image=HPSU007022.jpg,invasive,124,2.701,16.527,JM,11/16/25,
0ca8ea21-25ad-4951-b70b-13c39be90ffe,united states,usa,WGS84,"{""lat"": 40.259361, ""lon"": -74.845681}",-74.845681,40.259361,1972,8/21/72,lythrum salicaria,https://mam.ansp.org/image/PH/Fullsize/00449/PH00449234.jpg,invasive,,,,JM,11/16/25,link broken
0ca94cc6-2ebb-477a-9687-80c92deae942,united states,usa,WGS84,"{""lat"": 40.7007, ""lon"": -75.49685}",-75.49685,40.7007,1973,7/18/73,lythrum salicaria,http://mam.ansp.org/image/MCA/Fullsize/0041/MCA0041801.jpg,invasive,,,,JM,11/16/25,link broken
0d04ff2c-307f-411d-b456-5c8ebc587ab9,norway,nor,WGS84,"{""lat"": 59.995, ""lon"": 5.7896}",5.7896,59.995,1924,8/14/24,lythrum salicaria,https://www.unimus.no/felles/bilder/web_hent_bilde.php?id=13445843&type=jpeg,native,124,10.008,10.499,JM,11/16/25,
0d07dc35-e53a-4328-8be9-08a8c0b4e18f,united states,usa,WGS84,"{""lat"": 43.7034, ""lon"": -70.45805}",-70.45805,43.7034,1932,7/17/32,lythrum salicaria,https://neherbaria.org/imglib/cnh/UniversityofMaine_MAINE/MAINE00036/MAINE00036756.jpg,invasive,127,6.283,19.753,JM,11/16/25,
0d869e70-a7b9-4841-baf5-997343641b76,united states,usa,WGS84,"{""lat"": 36.31569, ""lon"": -86.608455}",-86.608455,36.31569,1993,10/6/93,lythrum salicaria,https://sernecportal.org/imglib/seinet/sernec/NCU_VascularPlants/NCU00116/NCU00116787_01.JPG,invasive,120.004,4.314,22.54,JM,11/16/25,
0da46947-112f-44fd-9faa-a2517f229de0,norway,nor,WGS84,"{""lat"": 59.8624, ""lon"": 10.4731}",10.4731,59.8624,1913,9/12/13,lythrum salicaria,https://www.unimus.no/felles/bilder/web_hent_bilde.php?id=13386980&type=jpeg,native,122.004,5.369,9.103,JM,11/18/25,
0ddc1052-cc0a-4e15-a5f2-b03b05d89046,norway,nor,WGS84,"{""lat"": 59.2127, ""lon"": 10.9082}",10.9082,59.2127,1910,8/17/10,lythrum salicaria,https://www.unimus.no/felles/bilder/web_hent_bilde.php?id=13444285&type=jpeg,native,124.004,11.535,14.205,JM,11/18/25,
0e020c66-f06b-400a-8ef5-51c1af069c62,netherlands,nld,WGS84,"{""lat"": 53.177805, ""lon"": 6.621237}",6.621237,53.177805,1910,8/21/10,lythrum salicaria,https://medialib.naturalis.nl/file/id/L.3331254/format/large,native,35.506,3.331,7.146,JM,11/18/25,
0e1261b6-5cab-4f24-bf9a-b18d902d94ee,norway,nor,WGS84,"{""lat"": 60.6745, ""lon"": 11.148}",11.148,60.6745,1999,8/20/99,lythrum salicaria,https://www.unimus.no/felles/bilder/web_hent_bilde.php?id=13430753&type=jpeg,native,123,6.373,26.843,JM,11/18/25,
0e15cabe-7cb6-461b-a275-5bda068ecb05,netherlands,nld,WGS84,"{""lat"": 53.04841, ""lon"": 5.871864}",5.871864,53.04841,1866,1866/07/16,lythrum salicaria,https://medialib.naturalis.nl/file/id/L.3331168/format/large,native,37.75,1.731,8.891,JM,11/18/25,
0e568c33-736a-4cd7-953b-b4738f0c5db4,norway,nor,WGS84,"{""lat"": 59.6771, ""lon"": 11.4506}",11.4506,59.6771,1939,7/23/39,lythrum salicaria,https://www.unimus.no/felles/bilder/web_hent_bilde.php?id=13387379&type=jpeg,native,122,8.76,20.699,JM,11/18/25,
0ef11908-0a97-4fd4-9200-e84ecaa059ff,united states,usa,WGS84,"{""lat"": 39.782254, ""lon"": -75.43063}",-75.43063,39.782254,1934,11/7/34,lythrum salicaria,https://mam.ansp.org/image/PH/Fullsize/00449/PH00449282.jpg,invasive,,,,JM,11/18/25,link broken
0f17b6d9-b7c0-4f93-8296-d7ecc1ef29ff,netherlands,nld,WGS84,"{""lat"": 52.169566, ""lon"": 6.031437}",6.031437,52.169566,1869,1869/08/29,lythrum salicaria,https://medialib.naturalis.nl/file/id/L.3331053/format/large,native,41.333,3.047,8.362,JM,11/18/25,
0f1906c0-4fc3-4776-8261-f9e7457b1a52,norway,nor,WGS84,"{""lat"": 59.8711, ""lon"": 10.8486}",10.8486,59.8711,1961,7/29/61,lythrum salicaria,https://www.unimus.no/felles/bilder/web_hent_bilde.php?id=13387076&type=jpeg,native,118,9.006,22.051,AP,10/28/25,
0f418f94-ee84-4830-8410-7db526eced61,united states,usa,WGS84,"{""lat"": 47.15162, ""lon"": -119.94941}",-119.94941,47.15162,2013,10/13/13,lythrum salicaria,https://www.pnwherbaria.org/images/jpeg.php?Image=WTU-V-040556.jpg,invasive,121,2.701,27.67,AP,10/28/25,
0f7bdd4c-a11b-4922-8a62-7ac987b94d96,united states,usa,WGS84,"{""lat"": 43.455346, ""lon"": -76.510497}",-76.510497,43.455346,1877,1877/08/16,lythrum salicaria,https://img.cyverse.org/resize?width=4000&url=https://data.cyverse.org/dav-anon/iplant/projects/magnoliagrandiFLORA/images/specimens/MISSA016731/MISSA016731.JPG,invasive,102.333,4.34,12.909,AP,11/4/25,
1103c300-beac-450c-9a3b-a756cbdf1d5c,norway,nor,WGS84,"{""lat"": 59.7423, ""lon"": 10.7436}",10.7436,59.7423,1968,9/14/68,lythrum salicaria,https://www.unimus.no/felles/bilder/web_hent_bilde.php?id=13387385&type=jpeg,native,118,6.209,8.255,AP,11/4/25,
1132cda2-1c32-4fe1-818a-3a0f1a5d6d5b,united states,usa,WGS84,"{""lat"": 42.1155, ""lon"": -72.53952}",-72.53952,42.1155,2001,6/21/01,lythrum salicaria,https://neherbaria.org/imglib/cnh/WestfieldStateUniversity_WSCH/WSCH002/WSCH002906.jpg,invasive,129,6.53,20.377,AP,11/4/25,
118dd3db-338b-4060-87ca-b17dd6b18135,norway,nor,WGS84,"{""lat"": 59.2438, ""lon"": 10.7443}",10.7443,59.2438,1957,7/23/57,lythrum salicaria,https://www.unimus.no/felles/bilder/web_hent_bilde.php?id=13387075&type=jpeg,native,118.667,9.575,24.692,AP,11/4/25,
11ef2c11-146d-4bf4-b8aa-3ed1e5704bdb,united states,usa,WGS84,"{""lat"": 41.3113, ""lon"": -72.9246}",-72.9246,41.3113,1874,1874/01/07,lythrum salicaria,http://deliver.odai.yale.edu/content/repository/YPM/id/202060/format/3,invasive,,,,AP,11/4/25,link doesn't work 
1257bb99-5fc9-41ac-9b3a-72af33096e86,netherlands,nld,WGS84,"{""lat"": 52.373307, ""lon"": 4.689673}",4.689673,52.373307,1931,7/19/31,lythrum salicaria,https://medialib.naturalis.nl/file/id/L.3331186/format/large,native,36,9.872,14.187,AP,11/4/25,
125ae92b-5daa-46ec-afec-ef1acb046555,united states,usa,WGS84,"{""lat"": 40.750995, ""lon"": -75.197712}",-75.197712,40.750995,1941,7/23/41,lythrum salicaria,https://mam.ansp.org/image/PH/Fullsize/00449/PH00449075.jpg,invasive,,,,AP,11/4/25,link won't load
131dd07e-481e-4fb4-b6c9-10a165ad477b,united states,usa,WGS84,"{""lat"": 38.8894, ""lon"": -77.035336}",-77.035336,38.8894,1892,1892/07/04,lythrum salicaria,https://sernecportal.org/imglib/seinet/sernec/NCU_VascularPlants/NCU00116/NCU00116778_01.JPG,invasive,112.018,12.8,40.209,AP,11/4/25,
134e78f3-dcf8-440e-8e37-1f9840a8c567,united states,usa,WGS84,"{""lat"": 41.024476, ""lon"": -77.644473}",-77.644473,41.024476,1951,8/11/51,lythrum salicaria,http://mam.ansp.org/image/PAC/Fullsize/0051/PAC0051439.jpg,invasive,,,,AP,11/4/25,link won't load
1353a67d-217c-4cec-9f65-9b8650b30ad7,norway,nor,WGS84,"{""lat"": 59.1866, ""lon"": 10.4815}",10.4815,59.1866,2013,6/25/13,lythrum salicaria,https://www.unimus.no/felles/bilder/web_hent_bilde.php?id=14118404&type=jpeg,native,118.667,5.507,6.379,AP,11/4/25,
13b5db51-9ad2-4ee5-97fe-d168fc4cbe4f,netherlands,nld,WGS84,"{""lat"": 52.015849, ""lon"": 5.350781}",5.350781,52.015849,1835,1835/01/01,lythrum salicaria,https://medialib.naturalis.nl/file/id/L.3331138/format/large,native,35.877,3.405,14.36,AP,11/4/25,
13b6b370-9c8d-451e-ab44-92d1fd79d64f,united kingdom,gbr,WGS84,"{""lat"": 53.406375, ""lon"": -0.449753}",-0.449753,53.406375,1950,7/24/50,lythrum salicaria,https://data.nhm.ac.uk/media/c4de0b83-82bc-4d7f-ba1f-3ee0465d1897,native,43,7.915,20.039,AP,11/4/25,
145610e1-16b7-48a6-851a-964e2958d441,united states,usa,WGS84,"{""lat"": 40.898742, ""lon"": -75.171887}",-75.171887,40.898742,1946,8/6/46,lythrum salicaria,https://mam.ansp.org/image/PH/Fullsize/00449/PH00449079.jpg,invasive,,,,AP,11/4/25,Link won't load
147793e3-7452-4f1e-9396-43dcc0717d8e,united states,usa,WGS84,"{""lat"": 46.925, ""lon"": -119.99075}",-119.99075,46.925,2008,9/20/08,lythrum salicaria,https://www.pnwherbaria.org/images/jpeg.php?Image=WTU-V-022144.jpg,invasive,124.6671,4.543,44.545,AP,11/4/25,
14904e26-e3bc-4aa4-9d0b-7d8d9010682d,united states,usa,WGS84,"{""lat"": 42.88702, ""lon"": -70.86077}",-70.86077,42.88702,1982,8/3/82,lythrum salicaria,https://neherbaria.org/imglib/cnh/UniversityofNewHampshire_NHA/NHA-706/NHA-706847.jpg,invasive,164.012,9.813,30.817,AP,11/12/25,
14d6b5d9-82bc-4dc4-afcb-0d19324885df,norway,nor,WGS84,"{""lat"": 59.7497, ""lon"": 10.041}",10.041,59.7497,1943,7/22/43,lythrum salicaria,https://www.unimus.no/felles/bilder/web_hent_bilde.php?id=13445781&type=jpeg,native,119.002,5.35,35.13,AP,11/12/25,
14e82216-dc85-41e4-99ef-875f8a4dbc9c,netherlands,nld,WGS84,"{""lat"": 52.101615, ""lon"": 4.402011}",4.402011,52.101615,1914,7/12/14,lythrum salicaria,https://medialib.naturalis.nl/file/id/L.3331208/format/large,native,35.125,8.731,19.984,AP,11/12/25,
15147230-1eba-4e2b-b4bb-a9eddc7617ba,netherlands,nld,WGS84,"{""lat"": 51.921879, ""lon"": 4.405952}",4.405952,51.921879,1915,8/1/15,lythrum salicaria,https://medialib.naturalis.nl/file/id/U.1362270/format/large,native,36,2.931,34.791,AP,11/12/25,
1527c555-b38f-4d3d-b8f0-250d29b18035,united states,usa,WGS84,"{""lat"": 43.624, ""lon"": -72.97802}",-72.97802,43.624,1908,7/6/08,lythrum salicaria,http://nansh.org/imglib/seinet/nansh/VT/UVMVT084/UVMVT084356.jpg,invasive,117.5,13.155,30.673,AP,11/12/25,
153e5334-47f0-4a73-99bf-9619ecc3fb9b,netherlands,nld,WGS84,"{""lat"": 51.512187, ""lon"": 3.910545}",3.910545,51.512187,1967,8/11/67,lythrum salicaria,https://medialib.naturalis.nl/file/id/U.1362256/format/large,native,35.75,6.651,23.839,AP,11/12/25,
1667ca9d-8b33-40a2-b89c-a75bd87a48db,netherlands,nld,WGS84,"{""lat"": 51.498785, ""lon"": 3.594109}",3.594109,51.498785,1994,9/30/94,lythrum salicaria,https://medialib.naturalis.nl/file/id/L.4213322/format/large,native,37,2.471,52.992,AP,11/12/25,leaves were dried up and hard to measure/ find the biggest one
1674d3bb-7224-48ef-ab1e-2ce604563877,norway,nor,WGS84,"{""lat"": 59.9179, ""lon"": 10.7081}",10.7081,59.9179,1927,8/20/27,lythrum salicaria,https://www.unimus.no/felles/bilder/web_hent_bilde.php?id=14118100&type=jpeg,native,118.335,16.783,20.135,AP,11/12/25,
167615fc-fcbe-4b5f-9ef6-64ab259a4e44,netherlands,nld,WGS84,"{""lat"": 52.147143, ""lon"": 6.300338}",6.300338,52.147143,1907,8/1/07,lythrum salicaria,https://medialib.naturalis.nl/file/id/L.3331300/format/large,native,36.875,5.511,,AP,11/12/25,no inflorescence to measure
169c9517-714d-4093-be3a-2e44330c7582,norway,nor,WGS84,"{""lat"": 58.7373, ""lon"": 5.6488}",5.6488,58.7373,2004,9/14/04,lythrum salicaria,https://www.unimus.no/felles/bilder/web_hent_bilde.php?id=13430892&type=jpeg,native,118.667,4.807,24.009,AP,11/12/25,
16d00fe8-2b4b-4f26-a242-dd08a880ce88,netherlands,nld,WGS84,"{""lat"": 51.789531, ""lon"": 4.771193}",4.771193,51.789531,1959,9/1/59,lythrum salicaria,https://medialib.naturalis.nl/file/id/L.3331176/format/large,native,35.834,5.508,19.168,AP,11/12/25,
174420a7-afe2-4969-9e09-97d697cc7c6d,netherlands,nld,WGS84,"{""lat"": 52.285032, ""lon"": 5.716943}",5.716943,52.285032,1966,7/13/66,lythrum salicaria,https://medialib.naturalis.nl/file/id/L.4227203/format/large,native,35.37,4.118,12.05,AP,11/12/25,
17579239-07b6-43ba-856a-6fd06c01e3ae,united states,usa,WGS84,"{""lat"": 41.62448, ""lon"": -87.394206}",-87.394206,41.62448,1896,1896/06/27,lythrum salicaria,https://storage.idigbio.org/wis/aquatic/v0305/v0305294WIS_lg.jpg,invasive,86,8.745,10.384,AP,11/12/25,
179c251d-eed0-4ab4-af8f-56b0b3a82bca,united states,usa,WGS84,"{""lat"": 40.466932, ""lon"": -76.146093}",-76.146093,40.466932,1959,7/22/59,lythrum salicaria,http://mam.ansp.org/image/PAC/Fullsize/0051/PAC0051433.jpg,invasive,,,,AP,11/17/25,link would not load
17a5d3e1-3e08-4185-8c34-1ec3a23196c4,norway,nor,WGS84,"{""lat"": 60.2494, ""lon"": 5.2559}",5.2559,60.2494,1948,8/12/48,lythrum salicaria,https://www.unimus.no/felles/bilder/web_hent_bilde.php?id=12446619&type=jpeg,native,,,,AP,11/17/25,no ruler to set scale 
188d62bc-6aba-446a-a5dd-44a1d86d288d,united states,usa,WGS84,"{""lat"": 42.21252, ""lon"": -72.64111}",-72.64111,42.21252,1988,7/17/88,lythrum salicaria,https://neherbaria.org/imglib/cnh/WestfieldStateUniversity_WSCH/WSCH002/WSCH002908.jpg,invasive,120,2.121,11.342,AP,11/17/25,
1899ba10-969a-4939-aad7-dd9b45e22d61,united states,usa,WGS84,"{""lat"": 40.046303, ""lon"": -75.253786}",-75.253786,40.046303,1937,9/9/37,lythrum salicaria,https://mam.ansp.org/image/PH/Fullsize/00449/PH00449145.jpg,invasive,,,,AP,11/17/25,link wouldn't load
190ac045-c62c-4c0c-99d2-f0c784ee998f,united states,usa,WGS84,"{""lat"": 39.96667, ""lon"": -79.45}",-79.45,39.96667,1977,8/1/77,lythrum salicaria,http://mam.ansp.org/image/CM/Fullsize/304/CM304467.jpg,invasive,,,,AP,11/17/25,link wouldn't load
19b668f3-b131-4a7b-a01c-8bd0b37da06d,united states,usa,WGS84,"{""lat"": 42.762634, ""lon"": -104.445403}",-104.445403,42.762634,1997,9/1/97,lythrum salicaria,https://ngpherbaria.org/imglib/seinet/ngph/CSCN/CSCN-V-0048/CSCN-V-0048481_lg.jpg,invasive,101.675,9.011,19.533,AP,11/17/25,
19e8270a-6b44-4c53-9094-67d053c9701e,netherlands,nld,WGS84,"{""lat"": 52.553827, ""lon"": 5.940126}",5.940126,52.553827,1925,8/17/25,lythrum salicaria,https://medialib.naturalis.nl/file/id/L.3333012/format/large,native,36.125,3.372,11.986,AP,11/17/25,
1a2c2f17-90a6-4d9b-aaac-24fcfb95d4be,united states,usa,WGS84,"{""lat"": 41.5614, ""lon"": -73.2072}",-73.2072,41.5614,1919,9/11/19,lythrum salicaria,"https://images.collections.yale.edu/iiif/2/ypm:bec3e965-42b8-47b7-9456-6071dfc18dca/full/!1920,1920/0/default.jpg",invasive,,,,AP,11/17/25,no rule to set scale
1a531eb7-813a-41c2-99cc-9577f84762d8,netherlands,nld,WGS84,"{""lat"": 51.341659, ""lon"": 5.49485}",5.49485,51.341659,1941,9/6/41,lythrum salicaria,https://medialib.naturalis.nl/file/id/WAG.1071133/format/large,native,,,,AP,11/17/25,No cm on ruler
1aa1584f-0860-4885-b4c4-b8d95befe2ef,united states,usa,WGS84,"{""lat"": 43.413382, ""lon"": -89.738608}",-89.738608,43.413382,1988,7/26/88,lythrum salicaria,https://symbiota2.math.wisc.edu/wis/portal/content/spec_images/WIS_VP/2023lg/v0336703WIS.JPG,invasive,84.753,7.521,28.102,AP,11/17/25,
1ad5e6e5-d8a9-437a-b1d6-3bb1b4423b82,norway,nor,WGS84,"{""lat"": 59.8932, ""lon"": 10.528}",10.528,59.8932,1962,9/7/62,lythrum salicaria,https://www.unimus.no/felles/bilder/web_hent_bilde.php?id=13386970&type=jpeg,native,118.333,10.838,13.716,AP,11/17/25,
1b1b54b3-5e8d-46b0-971d-47a1abeab438,united states,usa,WGS84,"{""lat"": 40.722304, ""lon"": -75.185541}",-75.185541,40.722304,1957,7/30/57,lythrum salicaria,http://mam.ansp.org/image/MCA/Fullsize/0041/MCA0041791.jpg,invasive,,,,AP,11/17/25,link won't load
1b6bcf47-f52a-4d39-9540-94ce31e1aebb,united states,usa,WGS84,"{""lat"": 46.706098, ""lon"": -92.060864}",-92.060864,46.706098,1968,7/20/68,lythrum salicaria,https://midwestherbaria.org/imglib/storage/uwl/aquatic/UWL0000/UWL0000034_lg.jpg,invasive,88.25,2.668,18.862,AP,11/17/25,
1c03a883-2431-48dd-8ddf-d8b99f16b735,norway,nor,WGS84,"{""lat"": 59.6188, ""lon"": 10.9366}",10.9366,59.6188,2010,7/15/10,lythrum salicaria,https://www.unimus.no/felles/bilder/web_hent_bilde.php?id=13419567&type=jpeg,native,119,4.388,31.87,AP,11/17/25,
1cf0d69a-fb99-47f6-84a1-cef74d861b3e,united states,usa,WGS84,"{""lat"": 39.571463, ""lon"": -119.725968}",-119.725968,39.571463,1977,8/23/77,lythrum salicaria,https://intermountainbiota.org/imglib/seinet/intermt/RENO_V/00020/20195.JPG,invasive,,,,AP,11/17/25,No cm on ruler
1d4df8f3-9025-4efb-83d4-6ff21e47c7cb,united states,usa,WGS84,"{""lat"": 41.33859, ""lon"": -70.80022}",-70.80022,41.33859,1965,8/29/65,lythrum salicaria,https://neherbaria.org/imglib/cnh/UniversityofNewHampshire_NHA/NHA-726/NHA-726682.jpg,invasive,155,5.536,43.577,AP,11/17/25,
1d609ec4-9a3d-4572-b9f6-c8b1c988e1a4,netherlands,nld,WGS84,"{""lat"": 52.553042, ""lon"": 4.686825}",4.686825,52.553042,1924,8/1/24,lythrum salicaria,https://medialib.naturalis.nl/file/id/L.3331087/format/large,native,36.25,1.291,8.77,AP,11/17/25,
1d7be8e0-2c02-42b8-aae6-96d75d165c11,netherlands,nld,WGS84,"{""lat"": 51.835146, ""lon"": 5.858741}",5.858741,51.835146,1899,1899/08/05,lythrum salicaria,https://medialib.naturalis.nl/file/id/L.3331252/format/large,native,34.875,5.674,12.277,AP,11/17/25,
1dc99b92-0c4a-4fe2-a20b-eb0cc3d57693,netherlands,nld,WGS84,"{""lat"": 51.921879, ""lon"": 4.405952}",4.405952,51.921879,1938,9/1/38,lythrum salicaria,https://medialib.naturalis.nl/file/id/L.3331282/format/large,native,35.75,11.229,7.482,AP,11/17/25,
1dca0f24-3306-4c73-9ec1-11856da4693e,united states,usa,WGS84,"{""lat"": 40.0868799, ""lon"": -105.207232}",-105.207232,40.0868799,1993,8/19/93,lythrum salicaria,https://botanydb.colorado.edu/COLO_V/00446/00446500.jpg,invasive,45.5,8.309,26.135,AP,11/17/25,
1dcf6a4a-04c8-4274-a704-dc6efe6507fa,united states,usa,WGS84,"{""lat"": 42.81279, ""lon"": -70.88219}",-70.88219,42.81279,1969,8/4/69,lythrum salicaria,http://nansh.org/imglib/seinet/nansh/VT/UVMVT126/UVMVT126349.jpg,invasive,117,4.701,27.929,AP,11/17/25,
1dd5ec1d-3761-466b-9aa0-ecc25ea4ad4f,netherlands,nld,WGS84,"{""lat"": 52.193207, ""lon"": 4.633996}",4.633996,52.193207,1934,6/5/34,lythrum salicaria,https://medialib.naturalis.nl/file/id/L.3333016/format/large,native,35.917,6.697,,AP,11/17/25,
1df787eb-bec9-441e-b62b-aa35ada89e5e,united states,usa,WGS84,"{""lat"": 41.2070472222, ""lon"": -80.0367888889}",-80.03678889,41.20704722,2021,10/1/21,lythrum salicaria,http://mam.ansp.org/image/CM/Fullsize/546/CM546704.jpg,invasive,,,,AP,11/17/25,link won't load
1dff5f57-2b0b-4f2b-88c2-537aae7717ca,united states,usa,WGS84,"{""lat"": 40.601487, ""lon"": -75.385637}",-75.385637,40.601487,1976,8/25/76,lythrum salicaria,http://mam.ansp.org/image/MCA/Fullsize/0041/MCA0041851.jpg,invasive,,,,AP,11/17/25,link doesn't work 
1e0a9578-00ba-4146-a4ed-4f9ccd93ebb2,norway,nor,WGS84,"{""lat"": 59.1497, ""lon"": 10.4685}",10.4685,59.1497,1974,7/25/74,lythrum salicaria,https://www.unimus.no/felles/bilder/web_hent_bilde.php?id=13386576&type=jpeg,native,118.751,5.681,18.302,AP,11/17/25,
1e20283c-8080-4e39-902a-ba71b0ba52e9,netherlands,nld,WGS84,"{""lat"": 51.744592, ""lon"": 4.771805}",4.771805,51.744592,1963,8/1/63,lythrum salicaria,https://medialib.naturalis.nl/file/id/U.1362224/format/large,native,36.167,1.872,16.295,AP,11/17/25,
1e53916e-c407-4f5a-8341-bf22e1d70cd7,netherlands,nld,WGS84,"{""lat"": 53.36379, ""lon"": 5.214422}",5.214422,53.36379,1868,1868/07/31,lythrum salicaria,https://medialib.naturalis.nl/file/id/L.3331111/format/large,native,35.875,0.936,9.134,AP,11/17/25,
1e57d1f6-1a55-4836-9507-e4f321fb92a8,netherlands,nld,WGS84,"{""lat"": 52.011748, ""lon"": 4.403986}",4.403986,52.011748,1951,8/20/51,lythrum salicaria,https://medialib.naturalis.nl/file/id/L.3331265/format/large,native,36,3.56,12.316,AP,11/17/25,
1e8d3168-bc0c-47a6-9964-a3f889751ec2,netherlands,nld,WGS84,"{""lat"": 51.879415, ""lon"": 6.004437}",6.004437,51.879415,1964,8/29/64,lythrum salicaria,https://medialib.naturalis.nl/file/id/WAG.1071136/format/large,native,,,,AP,11/17/25,No cm on ruler
1eb47f7f-2972-4bf2-afda-182b9681e590,united states,usa,WGS84,"{""lat"": 37.776695, ""lon"": -79.778047}",-79.778047,37.776695,1988,8/11/88,lythrum salicaria,https://sernecportal.org/imglib/seinet/sernec/WILLI/00053/53921.jpg,invasive,124.667,3.416,19.231,AP,11/18/25,
1ee54024-1a3b-4995-9574-ae57a80da1ea,netherlands,nld,WGS84,"{""lat"": 52.5082, ""lon"": 6.072121}",6.072121,52.5082,2004,7/9/04,lythrum salicaria,https://medialib.naturalis.nl/file/id/L.4258825/format/large,native,36,3.704,19.729,AP,11/18/25,
1fcee987-b244-432d-b9ee-bd3165387ea6,norway,nor,WGS84,"{""lat"": 59.4516, ""lon"": 10.6492}",10.6492,59.4516,1905,7/12/05,lythrum salicaria,https://www.unimus.no/felles/bilder/web_hent_bilde.php?id=13444280&type=jpeg,native,118,9.478,25.379,BH,10/28/25,No notes for today; I would say redo this one later to make sure area is accurate? Seems big 
1fed7d97-2414-49e8-af69-d67587c06705,united states,usa,WGS84,"{""lat"": 44.75535, ""lon"": -69.66573}",-69.66573,44.75535,1928,7/18/28,lythrum salicaria,https://neherbaria.org/imglib/cnh/UniversityofMaine_MAINE/MAINE00036/MAINE00036761.jpg,invasive,124.004,3.015,3.015,BH,11/4/25,no complications
20488b38-420c-443c-8485-84484ed36824,united states,usa,WGS84,"{""lat"": 42.68476, ""lon"": -73.22833}",-73.22833,42.68476,1988,9/3/88,lythrum salicaria,https://neherbaria.org/imglib/cnh/UniversityofNewHampshire_NHA/NHA-726/NHA-726685.jpg,invasive,159,6.42,13.293,BH,11/4/25,no complications
206686ab-abfa-4608-8e38-7f170ce00fc9,netherlands,nld,WGS84,"{""lat"": 52.006678, ""lon"": 5.598382}",5.598382,52.006678,1965,7/13/65,lythrum salicaria,https://medialib.naturalis.nl/file/id/L.3708576/format/large,native,,,,BH,11/4/25,no image 
20e132ae-e1c9-42ef-a01c-dff7715d847f,united states,usa,WGS84,"{""lat"": 44.24613, ""lon"": -69.89484}",-69.89484,44.24613,1939,8/23/39,lythrum salicaria,https://storage.idigbio.org/wis/aquatic/v0305/v0305341WIS_lg.jpg,invasive,91.0055,2.414,14.732,BH,11/4/25,no complications
21e05878-04ca-45dc-ac24-9bc114b3fe95,netherlands,nld,WGS84,"{""lat"": 51.834068, ""lon"": 4.698041}",4.698041,51.834068,1915,8/1/15,lythrum salicaria,https://medialib.naturalis.nl/file/id/L.3332965/format/large,native,34.5,2.234,21.419,BH,11/4/25,no complications 
220ff017-cf1a-4ea0-9389-8204e49cbeb3,netherlands,nld,WGS84,"{""lat"": 51.558231, ""lon"": 5.281299}",5.281299,51.558231,1966,8/18/66,lythrum salicaria,https://medialib.naturalis.nl/file/id/U.1362228/format/large,native,36,3.977,9.952,BH,11/4/25,no complications 
229e90af-74d6-4c26-8976-b09f2bc387ce,norway,nor,WGS84,"{""lat"": 58.0565, ""lon"": 7.8342}",7.8342,58.0565,1947,6/28/47,lythrum salicaria,https://www.unimus.no/felles/bilder/web_hent_bilde.php?id=13386547&type=jpeg,native,117.0385,11.202,15.387,BH,11/16/25,no complications 
239fbb33-aba3-4ea7-a02b-5ff4c9864010,netherlands,nld,WGS84,"{""lat"": 52.071567, ""lon"": 4.240472}",4.240472,52.071567,2012,8/11/12,lythrum salicaria,https://medialib.naturalis.nl/file/id/WAG.1071131/format/large,native ,40.5031,1.614,43.637,BH,11/16/25,no complications 
23b04fdc-2052-4766-8a1a-4e6013382526,netherlands,nld,WGS84,"{""lat"": 52.35665, ""lon"": 4.968841}",4.968841,52.35665,1857,1857/08/01,lythrum salicaria,https://medialib.naturalis.nl/file/id/L.3331082/format/large,native,36.3333,5.327,14.477,BH,11/16/25,no complications 
23f9cd0a-2431-4ce5-ad8d-4f21dcd8a1f6,norway,nor,WGS84,"{""lat"": 59.0245, ""lon"": 9.7142}",9.7142,59.0245,1966,8/2/66,lythrum salicaria,https://www.unimus.no/felles/bilder/web_hent_bilde.php?id=13445805&type=jpeg,native,116.0172,13.312,19.307,BH,11/16/25,no complications 
241a3a84-453e-42da-b204-9066e03b511a,united states,usa,WGS84,"{""lat"": 41.93246, ""lon"": -88.76174}",-88.76174,41.93246,1960,7/21/60,lythrum salicaria,https://midwestherbaria.org/imglib/seinet/midwest/DEK/DEK00106/DEK00106417_1738809500_lg.jpg,invasive,81.0386,9.745,27.818,BH,11/16/25,no ruler 
2435a3bf-0fd5-4b27-8584-b899ab7f62bb,united states,usa,WGS84,"{""lat"": 44.19265, ""lon"": -69.79547}",-69.79547,44.19265,2002,7/27/02,lythrum salicaria,https://neherbaria.org/imglib/cnh/UniversityofMaine_MAINE/MAINE00036/MAINE00036792.jpg,invasive,151,4.084,7.84,BH,11/16/25,no complications
24e7ce15-499b-4531-bca9-fac9177a9df3,united states,usa,WGS84,"{""lat"": 39.717313, ""lon"": -75.14167}",-75.14167,39.717313,1970,8/4/70,lythrum salicaria,http://mam.ansp.org/image/CHRB/Fullsize/0001/CHRB0001076.jpg,invasive,,,,BH,11/16/25,no complications 
25309754-0dbb-4883-b017-d4ae55beb48c,norway,nor,WGS84,"{""lat"": 58.9821, ""lon"": 10.9538}",10.9538,58.9821,1974,8/5/74,lythrum salicaria,https://www.unimus.no/felles/bilder/web_hent_bilde.php?id=13460610&type=jpeg,native,115.0043,4.001,13.265,BH,11/16/25,no complications 
256727be-bc8a-47e8-9977-eaab636da6ce,united states,usa,WGS84,"{""lat"": 41.39882, ""lon"": -73.29282}",-73.29282,41.39882,2012,9/15/12,lythrum salicaria,https://neherbaria.org/imglib/cnh/WesternConnecticutStateUniversity_WCSU/WCSU-02/WCSU-02602.jpg,invasive,148.0304,3.298,11.224,BH,,image didn't open 
2680ed52-5e5a-4344-b6a2-39689805ae30,united states,usa,WGS84,"{""lat"": 41.475154, ""lon"": -74.915253}",-74.915253,41.475154,1947,8/16/47,lythrum salicaria,http://mam.ansp.org/image/PAC/Fullsize/0051/PAC0051447.jpg,invasive,,,,BH,,no complications 
26a85f75-a0d5-4305-ab65-06db53df76a3,united states,usa,WGS84,"{""lat"": 42.884699, ""lon"": -99.044357}",-99.044357,42.884699,2009,7/20/09,lythrum salicaria,https://ngpherbaria.org/imglib/seinet/ngph/CSCN/CSCN-V-0048/CSCN-V-0048451_lg.jpg,invasive,259,0.861,5.625,BH,,no complications 
271c278b-e1fd-4372-ba27-878eb68e163c,netherlands,nld,WGS84,"{""lat"": 53.048079, ""lon"": 4.827953}",4.827953,53.048079,1857,1857/07/06,lythrum salicaria,https://medialib.naturalis.nl/file/id/L.3331094/format/large,native,35.5035,3.954,33.58,BH,,no complications 
2757b19b-8ef6-43c7-9da3-32622d20831e,norway,nor,WGS84,"{""lat"": 59.0198, ""lon"": 11.0117}",11.0117,59.0198,1962,7/19/62,lythrum salicaria,https://www.unimus.no/felles/bilder/web_hent_bilde.php?id=13444299&type=jpeg,native,116.0388,3.91,4.922,BH,,link says fail to open
2761b236-a4aa-4abd-8415-1d0e3fc1322b,united states,usa,WGS84,"{""lat"": 40.69951, ""lon"": -75.494169}",-75.494169,40.69951,1956,8/2/56,lythrum salicaria,http://mam.ansp.org/image/MCA/Fullsize/0041/MCA0041805.jpg,invasive,,,,BH,,no complications
2786ac87-bd0a-456b-8d34-a33b0bd208ac,united states,usa,WGS84,"{""lat"": 41.70119, ""lon"": -72.67036}",-72.67036,41.70119,1977,8/19/77,lythrum salicaria,https://neherbaria.org/imglib/cnh/UniversityofNewHampshire_NHA/NHA-524/NHA-524679.jpg,invasive,116.0689,3.804,11.22,BH,,page did not respond 
279486c6-6c2d-4189-b44d-19ece98f850d,united states,usa,WGS84,"{""lat"": 40.390933, ""lon"": -75.492125}",-75.492125,40.390933,1907,5/21/07,lythrum salicaria,https://mam.ansp.org/image/PH/Fullsize/00449/PH00449162.jpg,invasive,,,,BH,,page did not respond 
27c6a69e-3577-412b-9c41-8318b86bb5a7,united states,usa,WGS84,"{""lat"": 40.6, ""lon"": -78.15}",-78.15,40.6,1995,7/11/95,lythrum salicaria,http://mam.ansp.org/image/CM/Fullsize/472/CM472716.jpg,invasive,,,,BH,,no complications 
27fb9484-f290-4593-9615-af0b63897034,netherlands,nld,WGS84,"{""lat"": 51.341702, ""lon"": 5.423087}",5.423087,51.341702,1964,7/29/64,lythrum salicaria,https://medialib.naturalis.nl/file/id/L.3331276/format/large,native,36.6682,9.706,24.78,BH,,no complications 
28359ce5-2dd3-45cc-ba44-50a28189a6eb,united states,usa,WGS84,"{""lat"": 43.56092, ""lon"": -84.61787}",-84.61787,43.56092,2001,7/15/01,lythrum salicaria,https://quod.lib.umich.edu/cgi/i/image/api/image/herb00ic:1355539:MICH-V-1355539/full/res:0/0/native.jpg,invasive,129,2.279,20.554,BH,,no complications 
2842f634-4954-4557-8204-362fecbaf4f4,netherlands,nld,WGS84,"{""lat"": 53.082489, ""lon"": 7.066295}",7.066295,53.082489,1932,8/1/32,lythrum salicaria,https://medialib.naturalis.nl/file/id/L.3331295/format/large,native,36,4.667,14.478,BH,,no complications 
2872450e-67a5-4196-bc5c-0c0f2c2969dd,united states,usa,WGS84,"{""lat"": 43.60419, ""lon"": -116.19345}",-116.19345,43.60419,1978,8/24/78,lythrum salicaria,https://www.pnwherbaria.org/images/jpeg.php?Image=WTU-V-022164.jpg,invasive,126.0159,5.396,34.392,BH,,no complications 
28f19630-2932-4c62-a4c3-13a870e44875,united states,usa,WGS84,"{""lat"": 43.68047, ""lon"": -70.22315}",-70.22315,43.68047,1927,8/14/27,lythrum salicaria,https://neherbaria.org/imglib/cnh/UniversityofNewHampshire_NHA/NHA-706/NHA-706834.jpg,invasive,170.0471,4.429,17.473,BH,,no complications 
29b2dc37-9ce7-4574-81b8-be6ce31376fe,norway,nor,WGS84,"{""lat"": 59.4206, ""lon"": 10.6124}",10.6124,59.4206,1937,8/22/37,lythrum salicaria,https://www.unimus.no/felles/bilder/web_hent_bilde.php?id=13444295&type=jpeg,native,118,2.206,13.649,BH,,no complications 
29fa548c-8217-4930-ae5b-e711324fe689,netherlands,nld,WGS84,"{""lat"": 53.132883, ""lon"": 6.61995}",6.61995,53.132883,1953,8/1/53,lythrum salicaria,https://medialib.naturalis.nl/file/id/WAG.1071158/format/large,native,40.5,3.34,20.538,BH,,no complications 
2af0b82c-6453-4cd1-94f2-52b981d7573a,netherlands,nld,WGS84,"{""lat"": 53.090067, ""lon"": 6.394803}",6.394803,53.090067,1912,7/23/12,lythrum salicaria,https://medialib.naturalis.nl/file/id/L.3331133/format/large,native,34.5,4.842,21.519,BH,,page did not respond 
2b30b675-0ac6-4ceb-ad5f-f2d5f5f1364d,united states,usa,WGS84,"{""lat"": 43.06952, ""lon"": -70.68369}",-70.68369,43.06952,2006,8/30/06,lythrum salicaria,https://neherbaria.org/imglib/cnh/UniversityofNewHampshire_NHA/NHA-554/NHA-554200.jpg,invasive,114,7.785,3.793,BH,,page did not respond 
2b6c9616-7c68-4d3d-88cc-ad5f9fbfdee1,united states,usa,WGS84,"{""lat"": 40.320357, ""lon"": -74.716394}",-74.716394,40.320357,1968,9/15/68,lythrum salicaria,http://mam.ansp.org/image/CHRB/Fullsize/0001/CHRB0001065.jpg,invasive,,,,BH,,no complications 
2b768537-3487-4973-9192-85e7e79bf5fe,united states,usa,WGS84,"{""lat"": 43.53049, ""lon"": -72.98545}",-72.98545,43.53049,1898,1898/07/05,lythrum salicaria,http://nansh.org/imglib/seinet/nansh/VT/UVMVT084/UVMVT084352.jpg,invasive,138.0326,4.167,17.393,BH,,no complications 
2c26be89-29a2-4745-8796-3467f3687d0b,norway,nor,WGS84,"{""lat"": 59.0124, ""lon"": 10.0961}",10.0961,59.0124,1963,6/1/63,lythrum salicaria,https://www.unimus.no/felles/bilder/web_hent_bilde.php?id=13386575&type=jpeg,native,117.0171,5.136,8.234,BH,,no complications 
2c716cb3-3231-4a9d-b8b0-17303ff9d249,netherlands,nld,WGS84,"{""lat"": 52.145914, ""lon"": 4.327981}",4.327981,52.145914,1927,7/1/27,lythrum salicaria,https://medialib.naturalis.nl/file/id/L.3331269/format/large,native,36.5034,3.842,8.978,BH,,no complications 
2c8b9d17-7ed0-4304-9cdc-5a86b7318b06,united states,usa,WGS84,"{""lat"": 43.4511, ""lon"": -88.159581}",-88.159581,43.4511,1988,7/18/88,lythrum salicaria,https://midwestherbaria.org/imglib/storage/uwm/aquatic/UWM0012/UWM0012397_lg.jpg,invasive,64,6.048,8.294,BH,,no complications 
2cb69444-0386-4b31-bc75-735aca13d4ea,united states,usa,WGS84,"{""lat"": 45.551251, ""lon"": -122.945141}",-122.945141,45.551251,1982,7/23/82,lythrum salicaria,https://www.pnwherbaria.org/images/jpeg.php?Image=HPSU007023.jpg,invasive,122,3.703,22.77,BH,,no complications 
2cdfed8f-2c15-449a-b12f-2fc8ee86c654,netherlands,nld,WGS84,"{""lat"": 53.223478, ""lon"": 6.547676}",6.547676,53.223478,1941,8/1/41,lythrum salicaria,https://medialib.naturalis.nl/file/id/L.3331373/format/large,native,35.7509,7.407,10.108,BH,,link failed to open 
2d4b5130-1306-4e3b-89e7-9588b06c2590,united states,usa,WGS84,"{""lat"": 43.976056, ""lon"": -76.077575}",-76.077575,43.976056,1995,8/21/95,lythrum salicaria,http://mam.ansp.org/image/CM/Fullsize/500/CM500254.jpg,invasive,,,,BH,,link failed to open 
2d527c7e-2fe7-4572-a5e9-f24201c0fa2a,united states,usa,WGS84,"{""lat"": 41.930753, ""lon"": -71.304834}",-71.304834,41.930753,1972,8/13/72,lythrum salicaria,https://storage.idigbio.org/wis/aquatic/v0305/v0305253WIS_lg.jpg,invasive,91.022,2.179,12.37,BH,,no complications 
2d71b4e0-09ff-4d19-a1bb-f76d752148c5,united states,usa,WGS84,"{""lat"": 41.81399, ""lon"": -71.120323}",-71.120323,41.81399,1956,8/20/56,lythrum salicaria,https://storage.idigbio.org/wis/aquatic/v0305/v0305266WIS_lg.jpg,invasive,97.0206,7.913,14.832,BH,,no complications 
2eb73eaa-106a-493a-99ab-060951a0d69c,united states,usa,WGS84,"{""lat"": 47.1922, ""lon"": -120.96069}",-120.96069,47.1922,2010,10/21/10,lythrum salicaria,https://www.pnwherbaria.org/images/jpeg.php?Image=WTU-V-015734.jpg,invasive,124.0161,2.33,18.832,BH,,no complications 
2f9396ff-33ea-45df-9769-ba7f6cf9b1e4,netherlands,nld,WGS84,"{""lat"": 51.790202, ""lon"": 4.91613}",4.91613,51.790202,1835,1835/07/01,lythrum salicaria,https://medialib.naturalis.nl/file/id/L.3332993/format/large,native,35,9.624,13.48,BH,,
2facb8a8-b47a-49fb-9ecc-698c446e72bd,united states,usa,WGS84,"{""lat"": 40.737644, ""lon"": -75.530184}",-75.530184,40.737644,1963,7/23/63,lythrum salicaria,http://mam.ansp.org/image/MCA/Fullsize/0041/MCA0041824.jpg,invasive,,,,BH,,link failed to open 
30244d4b-b31f-4e04-8da2-f897b6a9417d,netherlands,nld,WGS84,"{""lat"": 52.087593, ""lon"": 5.190225}",5.190225,52.087593,1948,9/8/48,lythrum salicaria,http://mam.ansp.org/image/MCA/Fullsize/0041/MCA0041824.jpg,native,,,,BH,,link failed to open 
303a11d9-a7f4-4512-961a-654562d1db36,netherlands,nld,WGS84,"{""lat"": 51.467258, ""lon"": 3.911997}",3.911997,51.467258,1967,8/11/67,lythrum salicaria,http://mam.ansp.org/image/MCA/Fullsize/0041/MCA0041824.jpg,native,,,,BH,,link failed to open 
30714229-e697-4790-a201-a06d20db4a79,united states,usa,WGS84,"{""lat"": 41.747593, ""lon"": -74.08681}",-74.08681,41.747593,1898,1898/08/28,lythrum salicaria,http://mam.ansp.org/image/SIM/Fullsize/0021/SIM0021360.jpg,invasive,,,,BH,,link failed to open 
30935101-fd4f-441b-baaa-ab3c31479d27,united states,usa,WGS84,"{""lat"": 41.29736, ""lon"": -72.85681}",-72.85681,41.29736,2007,9/15/07,lythrum salicaria,https://neherbaria.org/imglib/cnh/ConnecticutCollege_CCNL/CCNL-10/CCNL-10380.jpg,invasive,142.2535,5.099,22.117,SA,11/17/25,
30a211fe-730e-456b-83e7-68f7583080c6,united states,usa,WGS84,"{""lat"": 35.69762, ""lon"": -118.21399}",-118.21399,35.69762,1996,8/22/96,lythrum salicaria,https://api.idigbio.org/v2/media/83d2f4128c6271b12a79ee7f32ebde54,invasive,129.6667,4.596,24.113,SA,11/17/25,
30e2dbeb-fa6b-4fc2-b966-0ac236860823,united states,usa,WGS84,"{""lat"": 44.22846, ""lon"": -70.60644}",-70.60644,44.22846,1974,9/19/74,lythrum salicaria,https://neherbaria.org/imglib/cnh/UniversityofMaine_MAINE/MAINE00036/MAINE00036783.jpg,invasive,123.6685,7.331,23.84,SA,11/17/25,
31241bb9-035c-442e-9330-9ecded495daa,canada,can,WGS84,"{""lat"": 45.472445, ""lon"": -74.31236}",-74.31236,45.472445,1934,8/1/34,lythrum salicaria,https://storage.idigbio.org/wis/aquatic/v0305/v0305283WIS_lg.jpg,invasive,88.6723,6.878,18.957,SA,11/17/25,
3147cc5b-612d-4073-a0c1-a723c33eab23,united states,usa,WGS84,"{""lat"": 40.088444, ""lon"": -75.221011}",-75.221011,40.088444,2012,8/13/12,lythrum salicaria,http://mam.ansp.org/image/MOAR/Fullsize/0012/MOAR0012046.jpg,invasive,,,,SA,11/17/25,cant open 
3153f197-32d1-45ed-8f51-044a9d6132e1,netherlands,nld,WGS84,"{""lat"": 52.730652, ""lon"": 6.3865}",6.3865,52.730652,1951,7/26/51,lythrum salicaria,https://medialib.naturalis.nl/file/id/L.3331335/format/large,native,36.3337,17.138,19.073,SA,11/17/25,
315b982d-b93a-4305-b66b-784dad1cc6de,united states,usa,WGS84,"{""lat"": 40.591993, ""lon"": -75.485172}",-75.485172,40.591993,1976,7/30/76,lythrum salicaria,http://mam.ansp.org/image/MCA/Fullsize/0041/MCA0041850.jpg,invasive,,,,SA,11/17/25,
31d1bffa-bebf-45f4-9616-9e9073536c95,united states,usa,WGS84,"{""lat"": 44.242853, ""lon"": -116.958548}",-116.958548,44.242853,2000,8/1/00,lythrum salicaria,https://www.pnwherbaria.org/images/jpeg.php?Image=ID177488.jpg,invasive,125.0004,5.497,23.156,SA,11/17/25,
3209d85e-8b80-4d7d-974b-32e5fce68343,norway,nor,WGS84,"{""lat"": 58.0292, ""lon"": 7.4591}",7.4591,58.0292,1905,5/19/05,lythrum salicaria,https://www.unimus.no/felles/bilder/web_hent_bilde.php?id=13386544&type=jpeg,native,118.7503,4.123,14.589,SA,11/17/25,
32159796-a510-4a36-9216-fc95ab6767af,norway,nor,WGS84,"{""lat"": 59.0922, ""lon"": 9.6545}",9.6545,59.0922,1951,8/28/51,lythrum salicaria,https://www.unimus.no/felles/bilder/web_hent_bilde.php?id=13445812&type=jpeg,native,118.6667,10.029,20.542,SA,11/17/25,
32524526-5e76-4c27-8eb5-0cc8f65b6fcc,norway,nor,WGS84,"{""lat"": 59.23, ""lon"": 10.7004}",10.7004,59.23,2013,8/6/13,lythrum salicaria,https://www.unimus.no/felles/bilder/web_hent_bilde.php?id=14109807&type=jpeg,native,118.0042,8.109,,SA,11/17/25,no inf
32c79199-22e6-4ab7-97ae-465562705aec,netherlands,nld,WGS84,"{""lat"": 52.579351, ""lon"": 6.191258}",6.191258,52.579351,1995,6/21/95,lythrum salicaria,https://medialib.naturalis.nl/file/id/L.4258824/format/large,native,35.833,7.233,10.857,SA,10/28/25,
33378f58-7163-4309-a267-749007a75fcf,united states,usa,WGS84,"{""lat"": 41.58333, ""lon"": -79.21667}",-79.21667,41.58333,1994,10/7/94,lythrum salicaria,http://mam.ansp.org/image/CM/Fullsize/392/CM392516.jpg,invasive,,,,SA,11/4/25,cant open 
3385f7e5-a465-40ed-9ba7-b834dea66f89,united states,usa,WGS84,"{""lat"": 40.683658, ""lon"": -99.380654}",-99.380654,40.683658,1987,8/15/87,lythrum salicaria,https://ngpherbaria.org/imglib/seinet/ngph/CSCN/CSCN-V-0048/CSCN-V-0048452_lg.jpg,invasive,102.002,9.554,14.975,SA,11/4/25,
33e83f47-cf39-4b48-8879-52300feb25f7,norway,nor,WGS84,"{""lat"": 59.7961, ""lon"": 11.0583}",11.0583,59.7961,1942,6/20/42,lythrum salicaria,https://www.unimus.no/felles/bilder/web_hent_bilde.php?id=13386987&type=jpeg,native,118.751,3.007,,SA,11/4/25,"no inf, baby leaves "
33fb0041-0604-4704-8b8b-a414beb1a4a4,norway,nor,WGS84,"{""lat"": 59.6838, ""lon"": 10.7494}",10.7494,59.6838,1926,8/6/26,lythrum salicaria,https://www.unimus.no/felles/bilder/web_hent_bilde.php?id=13386977&type=jpeg,native,118.752,7.279,16.283,SA,11/4/25,
3404a753-57c4-420e-9146-f2e30371fff6,united states,usa,WGS84,"{""lat"": 39.101225, ""lon"": -74.717662}",-74.717662,39.101225,1960,8/28/60,lythrum salicaria,https://mam.ansp.org/image/PH/Fullsize/00449/PH00449286.jpg,invasive,,,,SA,11/4/25,cant open 
34b27a12-636f-4752-b5ae-8cfa280fe6b0,netherlands,nld,WGS84,"{""lat"": 53.199009, ""lon"": 5.994869}",5.994869,53.199009,1949,7/30/49,lythrum salicaria,https://medialib.naturalis.nl/file/id/L.3331350/format/large,native,36.417,16.848,13.813,SA,11/4/25,
34bfc4be-42da-4aad-a68f-db9820d4365c,united states,usa,WGS84,"{""lat"": 47.66217, ""lon"": -119.63215}",-119.63215,47.66217,2023,9/14/23,lythrum salicaria,https://www.pnwherbaria.org/images/jpeg.php?Image=WTU-V-113653.jpg,invasive,125.016,4.076,14.933,SA,11/4/25,
35327f1d-18ec-4da1-b0f5-578418e1b2ce,norway,nor,WGS84,"{""lat"": 59.6694, ""lon"": 11.2521}",11.2521,59.6694,2000,8/2/00,lythrum salicaria,https://www.unimus.no/felles/bilder/web_hent_bilde.php?id=13424763&type=jpeg,native,118.75,5.254,12.502,SA,11/4/25,
3568a008-b006-4fac-9394-9e51a36c8c2d,united states,usa,WGS84,"{""lat"": 42.379411, ""lon"": -88.157021}",-88.157021,42.379411,1984,7/23/84,lythrum salicaria,https://api.idigbio.org/v2/media/35ed43ae943ed2af900d838b1981cacf?size=fullsize,invasive,90,14.808,13.887,SA,11/4/25,
35b69ee9-8945-4c14-9171-9f4dd33e0756,united states,usa,WGS84,"{""lat"": 44.91335, ""lon"": -93.200889}",-93.200889,44.91335,1977,8/1/77,lythrum salicaria,https://midwestherbaria.org/imglib/storage/uwl/aquatic/UWL0000/UWL0000051_lg.jpg,invasive,90.3339,4.5,37.301,SA,11/12/25,
361fa12f-1e2f-4edf-8641-3b02cf3e8f47,united states,usa,WGS84,"{""lat"": 48.61514, ""lon"": -119.70363}",-119.70363,48.61514,2019,6/16/19,lythrum salicaria,https://www.pnwherbaria.org/images/jpeg.php?Image=WTU-V-088283.jpg,invasive,124.0018,6.187,,SA,11/12/25,no inf
3623d60e-561c-4539-b975-a689f23057cf,united states,usa,WGS84,"{""lat"": 47.06631, ""lon"": -88.49675}",-88.49675,47.06631,1948,8/3/48,lythrum salicaria,https://quod.lib.umich.edu/cgi/i/image/api/image/herb00ic:1355559:MICH-V-1355559/full/res:0/0/native.jpg,invasive,122.251,6.729,21.321,SA,11/12/25,
3641f580-6773-45bb-a7b7-db186a42ea65,united states,usa,WGS84,"{""lat"": 43.02094, ""lon"": -72.33032}",-72.33032,43.02094,1970,7/17/70,lythrum salicaria,https://neherbaria.org/imglib/cnh/KeeneStateCollege_KESC/KESC04/KESC04998.jpg,invasive,101.7059,12.184,18.535,SA,11/12/25,inf detached from rest of stem 
3706ec25-3b70-4bbe-8a7e-7ab38bb665be,norway,nor,WGS84,"{""lat"": 59.5999, ""lon"": 10.2312}",10.2312,59.5999,1923,8/16/23,lythrum salicaria,https://www.unimus.no/felles/bilder/web_hent_bilde.php?id=13445800&type=jpeg,native,119.0003,10.366,24.508,SA,11/13/25,
373fca17-1021-40aa-a492-fb81a754a5fb,netherlands,nld,WGS84,"{""lat"": 52.642446, ""lon"": 4.611522}",4.611522,52.642446,1956,8/29/56,lythrum salicaria,https://medialib.naturalis.nl/file/id/L.4231837/format/large,native,35.7555,6.53,11.589,SA,11/13/25,yong plant
37de01f2-69f7-4f9b-9c44-bc3e650c175f,netherlands,nld,WGS84,"{""lat"": 51.734913, ""lon"": 3.758514}",3.758514,51.734913,1957,8/8/57,lythrum salicaria,https://medialib.naturalis.nl/file/id/L.3331205/format/large,native,35.625,5.645,29.458,SA,11/13/25,inf and leaf from different parts/stems
389b22d1-9a6e-4d05-9dd6-7e5dfff38879,united states,usa,WGS84,"{""lat"": 40.644234, ""lon"": -97.425402}",-97.425402,40.644234,1986,6/30/86,lythrum salicaria,https://ngpherbaria.org/imglib/seinet/ngph/CSCN/CSCN-V-0048/CSCN-V-0048465_lg.jpg,invasive,100.5,8.002,19.752,SA,11/15/25,leaf is shrivelled
38cc6482-2652-4590-94e8-2a6c42537d15,united states,usa,WGS84,"{""lat"": 41.4061, ""lon"": -72.4831}",-72.4831,41.4061,1932,8/1/32,lythrum salicaria,"https://images.collections.yale.edu/iiif/2/ypm:51dadeba-3a68-425c-837d-20a066785ea2/full/!1920,1920/0/default.jpg",invasive,,,,SA,11/15/25,no scale 
38d267c9-5a9d-40ab-a09e-f973cef9e625,united states,usa,WGS84,"{""lat"": 40.26633, ""lon"": -111.736328}",-111.736328,40.26633,1976,8/15/76,lythrum salicaria,https://swbiodiversity.org/imglib/h_seinet/seinet/DES/DES00014/DES00014973_lg.jpg,invasive,103.6688,0.95,23.715,SA,11/15/25,"measured longest, fully visible infl. "
39695be2-9b58-4d99-85de-faf790414750,united states,usa,WGS84,"{""lat"": 43.24053, ""lon"": -70.74781}",-70.74781,43.24053,1935,8/23/35,lythrum salicaria,https://neherbaria.org/imglib/cnh/UniversityofMaine_MAINE/MAINE00036/MAINE00036751.jpg,invasive,123.6739,2.105,41.589,SA,11/15/25,
396a0664-672a-4cf8-804b-636b84067957,united states,usa,WGS84,"{""lat"": 42.440628, ""lon"": -76.496607}",-76.496607,42.440628,1879,1879/08/28,lythrum salicaria,http://mam.ansp.org/image/SIM/Fullsize/0021/SIM0021358.jpg,invasive,,,,SA,11/15/25,cant open 
396b63a0-74a5-45d8-a94a-4323699b5630,netherlands,nld,WGS84,"{""lat"": 52.553042, ""lon"": 4.686825}",4.686825,52.553042,1922,7/31/22,lythrum salicaria,https://medialib.naturalis.nl/file/id/L.3331245/format/large,native,36.0002,5.798,21.12,SA,11/15/25,
396d051f-a2c8-432d-9a9d-32ce259a83d0,united states,usa,WGS84,"{""lat"": 40.640925, ""lon"": -75.992154}",-75.992154,40.640925,1999,8/2/99,lythrum salicaria,http://mam.ansp.org/image/MOAR/Fullsize/0012/MOAR0012050.jpg,invasive,,,,SA,11/15/25,cant open 
39c010a1-f7e8-4867-9a75-91735fccce07,canada,can,WGS84,"{""lat"": 44.894163, ""lon"": -75.208052}",-75.208052,44.894163,1939,8/7/39,lythrum salicaria,https://storage.idigbio.org/wis/aquatic/v0305/v0305340WIS_lg.jpg,invasive,91.0006,2.79,37.336,SA,11/15/25,
39f033aa-4d45-417e-a8f9-8705342eabda,united states,usa,WGS84,"{""lat"": 42.858202, ""lon"": -78.104388}",-78.104388,42.858202,1979,7/13/79,lythrum salicaria,https://storage.idigbio.org/wis/aquatic/v0305/v0305249WIS_lg.jpg,invasive,89.5031,13.696,28.733,SA,11/15/25,
3a1ebb37-e3bd-465c-ba0c-8db31a435e99,united states,usa,WGS84,"{""lat"": 40.622733, ""lon"": -75.444681}",-75.444681,40.622733,1977,8/8/77,lythrum salicaria,http://mam.ansp.org/image/MCA/Fullsize/0041/MCA0041847.jpg,invasive,,,,SA,11/15/25,cant open 
3a4765f2-5608-4cf2-87b2-822e3b040bf3,netherlands,nld,WGS84,"{""lat"": 51.464343, ""lon"": 3.696207}",3.696207,51.464343,1841,1841/07/03,lythrum salicaria,https://medialib.naturalis.nl/file/id/L.3331178/format/large,native,36.375,7.845,15.045,SA,11/15/25,
3aa00b5d-08df-4193-9301-54b261d6b25f,netherlands,nld,WGS84,"{""lat"": 51.966667, ""lon"": 5.683333}",5.683333,51.966667,1997,6/10/97,lythrum salicaria,https://medialib.naturalis.nl/file/id/WAG.1071138/format/large,native,42.5,5.027,20.329,SA,11/15/25,
3acd6b68-dcf7-497c-b33a-a1fe6a68de37,united states,usa,WGS84,"{""lat"": 40.402569, ""lon"": -75.024189}",-75.024189,40.402569,1953,7/12/53,lythrum salicaria,http://mam.ansp.org/image/MCA/Fullsize/0041/MCA0041870.jpg,invasive,,,,SA,11/15/25,cant open 
3b054303-9911-4ee7-85e6-cc7203da3781,united states,usa,WGS84,"{""lat"": 41.61116, ""lon"": -72.77603}",-72.77603,41.61116,1976,7/15/76,lythrum salicaria,https://neherbaria.org/imglib/cnh/CentralConnecticutStateUniversity_CCSU/CCSU-05/CCSU-05450.jpg,invasive,142.0141,4.914,19.887,SA,11/15/25,
3b4ad809-890e-4a89-8b6e-f62f6216c08e,united states,usa,WGS84,"{""lat"": 43.34022, ""lon"": -71.92968}",-71.92968,43.34022,1982,7/13/82,lythrum salicaria,https://neherbaria.org/imglib/cnh/UniversityofNewHampshire_NHA/NHA-726/NHA-726673.jpg,invasive,162.5031,3.612,14.45,SA,11/15/25,
3b7b0e5c-74d4-4c58-8730-d15376de5fd7,norway,nor,WGS84,"{""lat"": 59.6386, ""lon"": 10.7071}",10.7071,59.6386,1933,7/6/33,lythrum salicaria,https://www.unimus.no/felles/bilder/web_hent_bilde.php?id=13386973&type=jpeg,native,118.6685,8.871,17.825,SA,11/16/25,
3baceb9b-d515-45f7-b700-50deca79b0be,united states,usa,WGS84,"{""lat"": 42.48837, ""lon"": -71.51779}",-71.51779,42.48837,1977,8/5/77,lythrum salicaria,https://neherbaria.org/imglib/cnh/UniversityofNewHampshire_NHA/NHA-726/NHA-726688.jpg,invasive,159.5,5.341,33.445,SA,11/16/25,
3c80d5c3-9b8f-4694-b4d6-552aeaa4a7d5,united states,usa,WGS84,"{""lat"": 41.927931, ""lon"": -73.966204}",-73.966204,41.927931,1903,7/7/03,lythrum salicaria,https://mam.ansp.org/image/PH/Fullsize/00449/PH00449299.jpg,invasive,,,,SA,11/16/25,cant open 
3cb825e7-1663-42ad-81e5-f513dfb652c1,netherlands,nld,WGS84,"{""lat"": 51.923002, ""lon"": 4.551304}",4.551304,51.923002,1900,7/1/00,lythrum salicaria,https://medialib.naturalis.nl/file/id/L.3331142/format/large,native,36.25,5.676,36.621,SA,11/17/25,
3cd97152-66a7-4016-a2db-f8b75ef2d7c5,united states,usa,WGS84,"{""lat"": 38.889491, ""lon"": -77.035258}",-77.035258,38.889491,1892,1892/07/04,lythrum salicaria,https://sernecportal.org/imglib/seinet/sernec/NCU_VascularPlants/NCU00014/NCU00014536_01.JPG,invasive,116.3352,5.518,23.752,SA,11/17/25,
3cf3681e-4e5f-4b1d-95e8-180794e1d50d,norway,nor,WGS84,"{""lat"": 59.1636, ""lon"": 9.6427}",9.6427,59.1636,2004,7/26/04,lythrum salicaria,https://www.unimus.no/felles/bilder/web_hent_bilde.php?id=13428023&type=jpeg,native,119,4.633,7.048,SA,11/17/25,large leaves compared to small infl.
3d9f9c43-167b-407a-9a2d-f516c108ff08,united states,usa,WGS84,"{""lat"": 45.93779, ""lon"": -89.188483}",-89.188483,45.93779,2014,7/30/14,lythrum salicaria,https://midwestherbaria.org/imglib/storage/portals/seinet/midwest/UWSP/UWSP-V-0010/347c8aa4d00fd10c3efc0d377bfb44_1527785097_lg.jpg,invasive,80.3333,5.883,18.11,SA,11/17/25,
3db48b25-5739-4267-8149-38743dc0f9ff,norway,nor,WGS84,"{""lat"": 58.088, ""lon"": 6.7331}",6.7331,58.088,2011,7/23/11,lythrum salicaria,https://www.unimus.no/felles/bilder/web_hent_bilde.php?id=14117632&type=jpeg,native,118.0011,3.041,9.606,SA,11/17/25,
3dd77c05-08ef-425c-b3ee-08426b5581fa,netherlands,nld,WGS84,"{""lat"": 52.105276, ""lon"": 5.058779}",5.058779,52.105276,1835,1835/01/01,lythrum salicaria,https://medialib.naturalis.nl/file/id/L.3331081/format/large,native,36.1252,6.017,22.9,SA,11/17/25,
3de6c36b-e4f6-4f55-b0ef-79a5052d4b53,norway,nor,WGS84,"{""lat"": 58.2342, ""lon"": 6.5049}",6.5049,58.2342,1997,7/21/97,lythrum salicaria,https://www.unimus.no/felles/bilder/web_hent_bilde.php?id=15596221&type=jpeg,native,171.0007,3.718,10.601,SA,11/17/25,
3e0a6f9d-9510-4d21-9eea-34a2846b880a,netherlands,nld,WGS84,"{""lat"": 52.195608, ""lon"": 5.350633}",5.350633,52.195608,1936,1/1/36,lythrum salicaria,https://medialib.naturalis.nl/file/id/L.3331070/format/large,native,39.7502,3.26,4.827,SA,11/17/25,
3e6b9acb-09e8-4503-b04b-74951af9f96b,netherlands,nld,WGS84,"{""lat"": 51.913696, ""lon"": 4.507873}",4.507873,51.913696,1846,1846/07/01,lythrum salicaria,https://medialib.naturalis.nl/file/id/L.3332968/format/large,native,36.3333,4.406,14.197,SA,11/17/25,
3f0b980b-a5f6-4b36-be23-869e67c34f38,united states,usa,WGS84,"{""lat"": 40.657783, ""lon"": -78.219375}",-78.219375,40.657783,1982,9/25/82,lythrum salicaria,http://mam.ansp.org/image/PAC/Fullsize/0051/PAC0051436.jpg,invasive,,,,SA,11/17/25,cant open 
3f1b47ef-2b09-4116-adb5-0fa979870f8e,united states,usa,WGS84,"{""lat"": 44.38018, ""lon"": -68.27832}",-68.27832,44.38018,1953,7/7/53,lythrum salicaria,https://neherbaria.org/imglib/cnh/UniversityofMaine_MAINE/MAINE00036/MAINE00036766.jpg,invasive,125.6883,8.184,20.26,SA,11/17/25,
3f6714b7-c847-4093-aae4-a73bdf42ffc0,netherlands,nld,WGS84,"{""lat"": 52.955894, ""lon"": 6.317274}",6.317274,52.955894,1923,7/29/23,lythrum salicaria,https://medialib.naturalis.nl/file/id/L.3331286/format/large,native,37,9.745,16.343,SA,11/17/25,
3f6f9ec8-9969-489f-a798-a10a051ef269,norway,nor,WGS84,"{""lat"": 59.8973, ""lon"": 10.555}",10.555,59.8973,1937,7/20/37,lythrum salicaria,https://www.unimus.no/felles/bilder/web_hent_bilde.php?id=13386986&type=jpeg,native,119.3352,14.928,15.161,SA,11/17/25,
4052929d-078e-482a-98c7-fd62db5a4d48,united states,usa,WGS84,"{""lat"": 45.816466, ""lon"": -89.163385}",-89.163385,45.816466,2015,7/27/15,lythrum salicaria,https://midwestherbaria.org/imglib/storage/portals/seinet/midwest/UWSP/UWSP-V-0010/b6601497e6ba5b5a66a301393b7a1e_1527785875_lg.jpg,invasive,81.0015,5.326,28.759,SA,11/17/25,
40860cdd-1c89-4987-b05e-f2cf084aa2f9,united states,usa,WGS84,"{""lat"": 42.81279, ""lon"": -70.88219}",-70.88219,42.81279,1977,9/2/77,lythrum salicaria,https://neherbaria.org/imglib/cnh/UniversityofNewHampshire_NHA/NHA-726/NHA-726678.jpg,invasive,162.0008,3.312,16.452,SA,11/17/25,
40971ffd-32a6-4b61-9c95-b17812a0bd08,norway,nor,WGS84,"{""lat"": 59.7317, ""lon"": 10.0493}",10.0493,59.7317,1943,7/28/43,lythrum salicaria,https://www.unimus.no/felles/bilder/web_hent_bilde.php?id=13445782&type=jpeg,native,119.3333,4.521,12.352,SA,11/17/25,
40d8e7fa-a0f3-45e7-bad8-1e4cf339371f,united states,usa,WGS84,"{""lat"": 40.26871, ""lon"": -74.856496}",-74.856496,40.26871,1954,5/8/54,lythrum salicaria,https://mam.ansp.org/image/PH/Fullsize/00449/PH00449199.jpg,invasive,,,,SA,11/17/25,cant open 
412f88c2-b792-46aa-8d08-033a2a4bb723,united states,usa,WGS84,"{""lat"": 46.89534, ""lon"": -119.20297}",-119.20297,46.89534,2008,9/5/08,lythrum salicaria,https://www.pnwherbaria.org/images/jpeg.php?Image=WTU-V-022134.jpg,invasive,125.0071,2.901,29.883,SA,11/17/25,leaves shriveled
418dac66-af62-4477-b60e-f6715efabdb6,netherlands,nld,WGS84,"{""lat"": 53.40884, ""lon"": 5.424782}",5.424782,53.40884,1965,7/5/65,lythrum salicaria,https://medialib.naturalis.nl/file/id/U.1362257/format/large,native,36.0001,3.275,5.386,SA,11/17/25,very shhort infl. 
41bc35a5-3e77-453c-81e8-84f235dcef7e,norway,nor,WGS84,"{""lat"": 59.8963, ""lon"": 10.9662}",10.9662,59.8963,1934,9/20/34,lythrum salicaria,https://www.unimus.no/felles/bilder/web_hent_bilde.php?id=13387380&type=jpeg,native,119.2503,3.13,7.362,SA,11/17/25,
41e6a74b-29bf-4314-9d8a-d2f6c82317b6,united states,usa,WGS84,"{""lat"": 40.379359, ""lon"": -74.953155}",-74.953155,40.379359,1923,7/8/23,lythrum salicaria,https://mam.ansp.org/image/PH/Fullsize/00449/PH00449231.jpg,invasive,,,,SA,11/17/25,cant open 
421420bc-3c9d-443c-a5f2-e062e7d61d29,united states,usa,WGS84,"{""lat"": 40.855091, ""lon"": -75.719079}",-75.719079,40.855091,1975,7/22/75,lythrum salicaria,http://mam.ansp.org/image/MCA/Fullsize/0041/MCA0041796.jpg,invasive,,,,SA,11/17/25,cant open 