coreid,dwc.countr,idigbio.is,dwc.geodet,idigbio.ge,idigbio.lo,idigbio.la,idigbio.ev,idigbio._1,dwc.scient,ac.accessU,range,leaf_area_cm2,pixel/cm,int_length_cm,initials,date_collected,notes
7273ba46-ceb3-438a-92a4-0674e2fa7c68,canada,can,WGS84,"{""lat"": 49.166667, ""lon"": -121.95}",-121.95,49.166667,1939,8/15/39,lythrum salicaria,https://www.pnwherbaria.org/images/jpeg.php?Image=WTU-V-022142.jpg,invasive,8.54,123,3.242,BF,11/4/25,
7778d449-24d2-4d99-82b2-81a6b6805b3f,canada,can,WGS84,"{""lat"": 42.909722, ""lon"": -81.421111}",-81.421111,42.909722,1906,8/6/06,lythrum salicaria,http://purl.dlib.indiana.edu/iudl/herbarium/full/IND-0075903,invasive,3.253,150,2.291,BF,11/4/25,
426667bd-123d-4716-9b52-256d39e76539,united states,usa,WGS84,"{""lat"": 43.71556, ""lon"": -72.19101}",-72.19101,43.71556,1992,8/3/92,lythrum salicaria,https://neherbaria.org/imglib/cnh/UniversityofNewHampshire_NHA/NHA-706/NHA-706837.jpg,invasive,1.124,166,0.623,MN,11-Nov,
44fb5c38-88ec-41b8-8587-1fb37a0ff2d8,united states,usa,WGS84,"{""lat"": 41.59043, ""lon"": -80.24843}",-80.24843,41.59043,2005,6/29/05,lythrum salicaria,http://mam.ansp.org/image/CM/Fullsize/512/CM512071.jpg,invasive,,,,MN,,link broken 
45610041-cc9e-415a-8d78-9530b045c207,united states,usa,WGS84,"{""lat"": 43.47004, ""lon"": -70.44571}",-70.44571,43.47004,1933,7/16/33,lythrum salicaria,https://neherbaria.org/imglib/cnh/UniversityofMaine_MAINE/MAINE00036/MAINE00036755.jpg,invasive,1.303,124,1.914,MN,11-Nov,
45a81138-162a-449f-8d51-e29997f38359,united states,usa,WGS84,"{""lat"": 40.296273, ""lon"": -74.866552}",-74.866552,40.296273,1972,6/24/72,lythrum salicaria,https://mam.ansp.org/image/PH/Fullsize/00449/PH00449238.jpg,invasive,,,,,,link broken 
463fb0b2-c6b4-4747-b24e-586853cc2562,united states,usa,WGS84,"{""lat"": 40.936324, ""lon"": -75.103664}",-75.103664,40.936324,1948,6/25/48,lythrum salicaria,http://mam.ansp.org/image/MCA/Fullsize/0041/MCA0041794.jpg,invasive,,,,,,link broken 
478be45d-46ba-49d3-bd68-154a0a285d3f,united states,usa,WGS84,"{""lat"": 42.91557, ""lon"": -71.06654}",-71.06654,42.91557,1985,9/19/85,lythrum salicaria,https://neherbaria.org/imglib/cnh/UniversityofNewHampshire_NHA/NHA-706/NHA-706828.jpg,invasive,3.527,156,2.161,MN,11-Nov,
4ab7b7cc-bf89-4bc5-a8a2-54e0c96c2a43,united states,usa,WGS84,"{""lat"": 37.754174, ""lon"": -79.393123}",-79.393123,37.754174,2001,8/11/01,lythrum salicaria,https://sernecportal.org/imglib/seinet/sernec/WILLI/00079/79088.jpg,invasive,6.291,122,3.029,MN,11-Nov,
4cb6d76f-d6f6-47f8-aff6-d0e27e2dfdc9,united states,usa,WGS84,"{""lat"": 41.40136, ""lon"": -73.47053}",-73.47053,41.40136,1994,9/12/94,lythrum salicaria,https://neherbaria.org/imglib/cnh/WesternConnecticutStateUniversity_WCSU/WCSU-02/WCSU-02607.jpg,invasive,5.444,148,3.44,MN,11-Nov,
4d202c18-2ffe-4a7e-bc3e-0bb74b66e8cb,united states,usa,WGS84,"{""lat"": 46.30101, ""lon"": -91.76438}",-91.76438,46.30101,2011,8/18/11,lythrum salicaria,https://midwestherbaria.org/imglib/storage/portals/seinet/midwest/UWSP/UWSP-V-0010/d01f16b67f15c1901ce413da26bf90_1527787579_lg.jpg,invasive,3.643,80,3.47,MN,12-Nov,
4d658988-9bfc-489f-8ccf-030296a228cf,united states,usa,WGS84,"{""lat"": 42.85247, ""lon"": -70.94618}",-70.94618,42.85247,1942,8/15/42,lythrum salicaria,https://neherbaria.org/imglib/cnh/UniversityofRhodeIsland_KIRI/KIRI-06/KIRI-06100.jpg,invasive,1.421,144,1.749,MN,12-Nov,
4eea771c-2e3f-4900-8c53-b1422f40c85b,united states,usa,WGS84,"{""lat"": 43.09314, ""lon"": -70.83591}",-70.83591,43.09314,1977,8/3/77,lythrum salicaria,https://neherbaria.org/imglib/cnh/UniversityofNewHampshire_NHA/NHA-706/NHA-706840.jpg,invasive,4.697,164,1.974,MN,12-Nov,
4f0a5cea-4e79-4731-b5b4-635c6f451443,united states,usa,WGS84,"{""lat"": 41.55, ""lon"": -79.93333}",-79.93333,41.55,2005,8/3/05,lythrum salicaria,http://mam.ansp.org/image/CM/Fullsize/515/CM515800.jpg,invasive,,,,,,link broken 
4f2cdcbd-ab86-46f9-9ab9-98e3243f0f17,united states,usa,WGS84,"{""lat"": 40.205458, ""lon"": -75.556864}",-75.556864,40.205458,1943,7/17/43,lythrum salicaria,https://mam.ansp.org/image/PH/Fullsize/00449/PH00449163.jpg,invasive,,,,,,link broken 
4f70713d-c1fd-4e21-8159-3a624de799af,united states,usa,WGS84,"{""lat"": 40.915161, ""lon"": -75.167947}",-75.167947,40.915161,2023,8/25/23,lythrum salicaria,http://mam.ansp.org/image/CM/Fullsize/552/CM552658.jpg,invasive,,,,,,link broken 
4f75f864-2b27-4940-943c-15983b0136ed,united states,usa,WGS84,"{""lat"": 35.09, ""lon"": -106.38}",-106.38,35.09,2003,6/18/03,lythrum salicaria,https://api.idigbio.org/v2/media/c6ad69b206970185f4360757b909b990,invasive,3.147,127,1.372,MN,12-Nov,
503676a3-d322-403b-b570-eb01fd4070f6,united states,usa,WGS84,"{""lat"": 40.639446, ""lon"": -75.454366}",-75.454366,40.639446,1982,6/10/82,lythrum salicaria,http://mam.ansp.org/image/MCA/Fullsize/0041/MCA0041846.jpg,invasive,,,,,,link broken 
51099b93-77fa-4ba1-a822-e4046b4f8a87,united states,usa,WGS84,"{""lat"": 47.66667, ""lon"": -122.30861}",-122.30861,47.66667,1931,8/18/31,lythrum salicaria,https://www.pnwherbaria.org/images/jpeg.php?Image=WTU-V-022160.jpg,invasive,8.308,124,4.405,MN,12-Nov,
512a5776-eb90-45f7-a0ff-fcc145eac227,united states,usa,WGS84,"{""lat"": 42.421449, ""lon"": -71.270792}",-71.270792,42.421449,1966,9/1/66,lythrum salicaria,https://midwestherbaria.org/imglib/seinet/midwest/DEK/DEK00106/DEK00106632_1739399810_lg.jpg,invasive,2.26,82,1.738,MN,12-Nov,
51ee7511-9a53-4ba2-925d-4ce47998c1d9,united states,usa,WGS84,"{""lat"": 47.466123, ""lon"": -122.028128}",-122.028128,47.466123,2000,8/23/00,lythrum salicaria,https://www.pnwherbaria.org/images/jpeg.php?Image=WTU-V-022159.jpg,invasive,2.501,124,1.556,MN,12-Nov,
525229ec-0525-4830-9896-7ced8b13777c,united states,usa,WGS84,"{""lat"": 40.678394, ""lon"": -75.507684}",-75.507684,40.678394,1964,8/1/64,lythrum salicaria,http://mam.ansp.org/image/MCA/Fullsize/0041/MCA0041799.jpg,invasive,,,,,,link broken 
538e5303-e821-4f62-936c-2be41fd2de65,united states,usa,WGS84,"{""lat"": 45.673759, ""lon"": -122.689573}",-122.689573,45.673759,2015,9/11/15,lythrum salicaria,https://www.pnwherbaria.org/images/jpeg.php?Image=WTU-V-023161.jpg,invasive,1.72,124,1.984,MN,12-Nov,
539fae0c-c170-4475-8390-bf62c606e0f1,united states,usa,WGS84,"{""lat"": 33.83566, ""lon"": -91.720685}",-91.720685,33.83566,1991,10/4/91,lythrum salicaria,https://sernecportal.org/imglib/seinet/sernec/UAM/UAM016/UAM016485.jpg,invasive,,,,,,link broken 
5404553e-ee45-4b50-b459-d8ebd930f60b,united states,usa,WGS84,"{""lat"": 40.611734, ""lon"": -75.408678}",-75.408678,40.611734,1957,8/23/57,lythrum salicaria,http://mam.ansp.org/image/MCA/Fullsize/0041/MCA0041869.jpg,invasive,,,,,,link broken 
54142038-0680-4675-8fa3-8a58fc2b8bfe,united states,usa,WGS84,"{""lat"": 32.741639, ""lon"": -89.689363}",-89.689363,32.741639,1920,6/21/20,lythrum salicaria,https://img.cyverse.org/resize?width=4000&url=https://data.cyverse.org/dav-anon/iplant/projects/magnoliagrandiFLORA/images/specimens/MISSA016726/MISSA016726.JPG,invasive,1.401,102,1.99,MN,12-Nov,
541537fd-449c-4b57-832f-ea7344dae544,united states,usa,WGS84,"{""lat"": 41.3683, ""lon"": -71.90669}",-71.90669,41.3683,1980,8/14/80,lythrum salicaria,http://nansh.org/imglib/seinet/nansh/VT/UVMVT078/UVMVT078354.jpg,invasive,1.231,125,2.402,MN,12-Nov,
541c8741-9d2c-4fe7-8043-d673842479ca,united states,usa,WGS84,"{""lat"": 39.055641, ""lon"": -84.890499}",-84.890499,39.055641,1985,8/18/85,lythrum salicaria,https://sernecportal.org/imglib/seinet/sernec/NCU_VascularPlants/NCU00116/NCU00116779_01.JPG,invasive,1.093,117,0.726,MN,12-Nov,
54736440-e4a8-4c44-8e70-59bd0f4479d7,united states,usa,WGS84,"{""lat"": 45.632938, ""lon"": -89.437878}",-89.437878,45.632938,2009,8/16/09,lythrum salicaria,https://midwestherbaria.org/imglib/storage/uwl/aquatic/UWL0000/UWL0000010_lg.jpg,invasive,4.395,89,4.051,MN,12-Nov,
559e9314-4e80-4fbd-aad0-32dfec09e0f3,united states,usa,WGS84,"{""lat"": 44.278684, ""lon"": -117.100087}",-117.100087,44.278684,1974,7/29/74,lythrum salicaria,https://www.pnwherbaria.org/images/jpeg.php?Image=ID121057.jpg,invasive,0.951,128,2.447,MN,12-Nov,
562b82e5-c184-4511-b9f7-a3ffcb5eceb8,united states,usa,WGS84,"{""lat"": 43.05807, ""lon"": -70.78256}",-70.78256,43.05807,2002,6/3/02,lythrum salicaria,https://neherbaria.org/imglib/cnh/UniversityofNewHampshire_NHA/NHA-500/NHA-500844.jpg,invasive,3.633,118,1.989,MN,12-Nov,
5654085e-91d8-4d9a-aa4a-62248ae35819,united states,usa,WGS84,"{""lat"": 44.22544, ""lon"": -69.08466}",-69.08466,44.22544,1968,7/31/68,lythrum salicaria,https://neherbaria.org/imglib/cnh/UniversityofMaine_MAINE/MAINE00036/MAINE00036773.jpg,invasive,3.223,118,2.334,MN,12-Nov,
56b13297-de67-49d1-a39a-6b01bef3233c,united states,usa,WGS84,"{""lat"": 41.35984, ""lon"": -71.80749}",-71.80749,41.35984,1913,7/28/13,lythrum salicaria,https://neherbaria.org/imglib/cnh/ConnecticutCollege_CCNL/CCNL-06/CCNL-06613.jpg,invasive,5.814,144,1.599,JM,10/28/25,
56db833e-6474-4a63-96b1-b83f8df56495,united states,usa,WGS84,"{""lat"": 40.107829, ""lon"": -74.861428}",-74.861428,40.107829,1976,8/29/76,lythrum salicaria,https://mam.ansp.org/image/PH/Fullsize/00449/PH00449203.jpg,invasive,,,,JM,10/28/25,Link broken
56dc5777-98b0-499b-b5d7-44d50d76f2d4,united states,usa,WGS84,"{""lat"": 41.948493, ""lon"": -73.912635}",-73.912635,41.948493,1934,8/21/34,lythrum salicaria,https://mam.ansp.org/image/PH/Fullsize/00449/PH00449314.jpg,invasive,,,,JM,10/28/25,Link broken
57b46ef3-a70a-4c45-b8d4-bea965317a0b,united states,usa,WGS84,"{""lat"": 40.759892, ""lon"": -75.184282}",-75.184282,40.759892,1941,7/24/41,lythrum salicaria,https://mam.ansp.org/image/PH/Fullsize/00449/PH00449085.jpg,invasive,,,,JM,10/28/25,Link broken
57ecdacb-0628-45f2-943f-25c9a917e7c2,united states,usa,WGS84,"{""lat"": 46.45769, ""lon"": -92.213505}",-92.213505,46.45769,1980,8/9/80,lythrum salicaria,https://midwestherbaria.org/imglib/storage/uwl/aquatic/UWL0000/UWL0000026_lg.jpg,invasive,1.161,92,1.992,JM,10/28/25,sd area (I)
5802f5da-ec0b-4000-bbe9-b3a6ab078bac,united states,usa,WGS84,"{""lat"": 43.413164, ""lon"": -89.740046}",-89.740046,43.413164,1976,7/16/76,lythrum salicaria,https://symbiota2.math.wisc.edu/wis/portal/content/spec_images/WIS_VP/2023lg/v0336700WIS.JPG,invasive,4.331,90,3.733,JM,10/28/25,
58db5b9e-1799-42e7-aeb5-750ca2494e27,united states,usa,WGS84,"{""lat"": 44.096247, ""lon"": -89.222359}",-89.222359,44.096247,2012,6/26/12,lythrum salicaria,https://midwestherbaria.org/imglib/storage/portals/seinet/midwest/UWSP/UWSP-V-0010/f1db7066016db5ca1c92af46703a21_1527785011_lg.jpg,invasive,4.876,80,1.05,JM,10/28/25,sd area (n)
5b0d5c08-fa08-41fa-a2f0-e1ee396a5af9,united states,usa,WGS84,"{""lat"": 46.252, ""lon"": -123.6613}",-123.6613,46.252,2010,9/23/10,lythrum salicaria,https://www.pnwherbaria.org/images/jpeg.php?Image=WTU-V-022123.jpg,invasive,1.313,124,2.23,JM,10/28/25,
5b99d102-49be-43d7-b7ea-6d6a8b8acc2b,united states,usa,WGS84,"{""lat"": 43.59711, ""lon"": -89.77647}",-89.77647,43.59711,2014,7/31/14,lythrum salicaria,https://wisflora.herbarium.wisc.edu/specifyimages/originals/sp61886281134635323136.att.JPG,invasive,8.511,124,2.017,JM,11/4/25,sd node (I)
5c4e16d2-dd75-4ede-beae-acd7473257d6,united states,usa,WGS84,"{""lat"": 44.670046, ""lon"": -90.603257}",-90.603257,44.670046,2009,8/22/09,lythrum salicaria,https://midwestherbaria.org/imglib/storage/portals/seinet/midwest/UWSP/UWSP-V-0010/4d6e77278c33551e50864b8316a0d2_1527786177_lg.jpg,invasive,9.039,80,2.878,JM,11/4/25,
5dd886fd-c572-4db1-b2e0-15f31e638dff,united states,usa,WGS84,"{""lat"": 40.406772, ""lon"": -75.037948}",-75.037948,40.406772,1923,8/14/23,lythrum salicaria,https://mam.ansp.org/image/PH/Fullsize/00449/PH00449193.jpg,invasive,,,,JM,11/4/25,Link broken
5ed8f2a7-babf-43dc-9c3a-c8ee068081e0,united states,usa,WGS84,"{""lat"": 44.03734, ""lon"": -91.650732}",-91.650732,44.03734,1982,7/4/82,lythrum salicaria,https://midwestherbaria.org/imglib/storage/uwl/aquatic/UWL0000/UWL0000054_lg.jpg,invasive,11.744,89,5.72,JM,11/4/25,sd node (n)
6002deec-7e6c-4fad-b978-2c79f5f8932d,united states,usa,WGS84,"{""lat"": 43.770192, ""lon"": -116.952088}",-116.952088,43.770192,1991,8/9/91,lythrum salicaria,https://www.pnwherbaria.org/images/jpeg.php?Image=WTU-V-022166.jpg,invasive,7.982,120,2.284,JM,11/4/25,
60a8ed69-dcb7-405e-af9a-e46669f42a29,united states,usa,WGS84,"{""lat"": 48.73706, ""lon"": -119.66973}",-119.66973,48.73706,2019,9/19/19,lythrum salicaria,https://www.pnwherbaria.org/images/jpeg.php?Image=WTU-V-084273.jpg,invasive,6.311,129,2.469,JM,11/4/25,
61353280-9e79-4cfc-bcc6-13ac88d62d19,united states,usa,WGS84,"{""lat"": 40.58164, ""lon"": -75.536376}",-75.536376,40.58164,1971,8/20/71,lythrum salicaria,http://mam.ansp.org/image/MCA/Fullsize/0041/MCA0041831.jpg,invasive,,,,JM,11/4/25,Link broken
614807dc-9f45-45a5-ab70-51904635a4ff,united states,usa,WGS84,"{""lat"": 42.98892, ""lon"": -71.04488}",-71.04488,42.98892,2002,6/26/02,lythrum salicaria,https://neherbaria.org/imglib/cnh/UniversityofNewHampshire_NHA/NHA-501/NHA-501036.jpg,invasive,7.301,117,4.388,JM,11/4/25,
6177894c-bbc2-4275-9f92-3faddbc23319,united states,usa,WGS84,"{""lat"": 40.746364, ""lon"": -75.001464}",-75.001464,40.746364,1951,8/23/51,lythrum salicaria,https://mam.ansp.org/image/PH/Fullsize/00449/PH00449227.jpg,invasive,,,,JM,11/4/25,Link broken
61c76439-bf98-40e2-9a3a-06d8d87a53be,united states,usa,WGS84,"{""lat"": 46.532679, ""lon"": -114.030422}",-114.030422,46.532679,2001,8/15/01,lythrum salicaria,https://www.pnwherbaria.org/images/jpeg.php?Image=MONT038317.jpg,invasive,4.544,124,2.257,JM,11/4/25,
6340e2bb-4501-4318-9ec6-ff61c7cca185,united states,usa,WGS84,"{""lat"": 40.262559, ""lon"": -74.780718}",-74.780718,40.262559,1954,11/1/54,lythrum salicaria,https://mam.ansp.org/image/PH/Fullsize/00449/PH00449240.jpg,invasive,,,,JM,11/4/25,Link broken
635aa238-4ee7-4711-bd6e-53332791aea1,united states,usa,WGS84,"{""lat"": 45.731405, ""lon"": -120.222743}",-120.222743,45.731405,2017,9/10/17,lythrum salicaria,https://www.pnwherbaria.org/images/jpeg.php?Image=WTU-V-034187.jpg,invasive,1.884,126,2.516,JM,11/4/25,
640ee3a0-508f-45b2-93a5-a3b760a0fbad,united states,usa,WGS84,"{""lat"": 40.80232, ""lon"": -75.097675}",-75.097675,40.80232,1907,8/31/07,lythrum salicaria,https://mam.ansp.org/image/PH/Fullsize/00449/PH00449221.jpg,invasive,,,,JM,11/4/25,Link broken
6431db97-3b21-48b7-955a-2f9d127f7746,united states,usa,WGS84,"{""lat"": 44.400661, ""lon"": -88.935499}",-88.935499,44.400661,2013,8/16/13,lythrum salicaria,https://midwestherbaria.org/imglib/storage/uwl/aquatic/UWL0000/UWL0000022_lg.jpg,invasive,4.402,91,3.323,JM,11/4/25,
65e7ac12-5f14-4936-9a47-5d03ce9d6b3d,united states,usa,WGS84,"{""lat"": 41.321886, ""lon"": -79.84998}",-79.84998,41.321886,2007,8/16/07,lythrum salicaria,http://mam.ansp.org/image/CM/Fullsize/529/CM529783.jpg,invasive,,,,JM,11/4/25,Link broken
6602c028-4549-4170-8ee9-bb26ddf5e9a4,united states,usa,WGS84,"{""lat"": 40.688198, ""lon"": -74.379604}",-74.379604,40.688198,1976,7/10/76,lythrum salicaria,https://storage.idigbio.org/wis/aquatic/v0305/v0305257WIS_lg.jpg,invasive,3.417,92,0.63,JM,11/4/25,
6690dfa0-15d9-4019-815c-0d87c544d311,united states,usa,WGS84,"{""lat"": 42.38867, ""lon"": -71.54648}",-71.54648,42.38867,1977,8/6/77,lythrum salicaria,https://neherbaria.org/imglib/cnh/UniversityofNewHampshire_NHA/NHA-726/NHA-726679.jpg,invasive,2.035,160,2.363,JM,11/4/25,
6717617e-c3d7-4854-9111-83363b030ce8,united states,usa,WGS84,"{""lat"": 43.847965, ""lon"": -91.216537}",-91.216537,43.847965,2001,5/30/01,lythrum salicaria,https://midwestherbaria.org/imglib/storage/uwl/aquatic/UWL0000/UWL0000041_lg.jpg,invasive,5.235,90,4.287,JM,11/4/25,
6764a692-c3e5-412a-8a6c-48efc474b499,united states,usa,WGS84,"{""lat"": 41.712432, ""lon"": -84.93142}",-84.93142,41.712432,1999,7/27/99,lythrum salicaria,http://purl.dlib.indiana.edu/iudl/herbarium/full/IND-0155113,invasive,15.02,150,2.04,JM,11/4/25,
685928fa-2119-4ecd-b3a0-dc75b5570ebd,united states,usa,WGS84,"{""lat"": 38.110964, ""lon"": -78.179846}",-78.179846,38.110964,1950,6/21/50,lythrum salicaria,https://sernecportal.org/imglib/seinet/sernec/WILLI/00030/30060.jpg,invasive,3.086,124,5.043,JM,11/4/25,
6a731b89-c569-4092-982c-30a37fe1ed82,united states,usa,WGS84,"{""lat"": 39.926785, ""lon"": -74.077081}",-74.077081,39.926785,1914,7/12/14,lythrum salicaria,https://mam.ansp.org/image/PH/Fullsize/00449/PH00449243.jpg,invasive,,,,JM,11/4/25,Link broken
6a7812b5-fc58-47c7-8fd8-91291fdcbe56,united states,usa,WGS84,"{""lat"": 43.859903, ""lon"": -117.612875}",-117.612875,43.859903,1954,8/8/54,lythrum salicaria,https://www.pnwherbaria.org/images/jpeg.php?Image=WTU-V-022161.jpg,invasive,2.249,129,3.257,JM,11/4/25,
6a822594-79b1-4cab-b9ca-f59a09b55f05,united states,usa,WGS84,"{""lat"": 39.7915, ""lon"": -75.63022}",-75.63022,39.7915,1923,6/23/23,lythrum salicaria,https://mam.ansp.org/image/PH/Fullsize/00449/PH00449292.jpg,invasive,,,,JM,11/4/25,Link broken
6b64366b-82a1-46b2-9b88-2745d39bfdef,united states,usa,WGS84,"{""lat"": 40.625932, ""lon"": -75.370458}",-75.370458,40.625932,1963,8/2/63,lythrum salicaria,http://mam.ansp.org/image/MCA/Fullsize/0041/MCA0041813.jpg,invasive,,,,JM,11/4/25,Link broken
6b91cbcc-257f-4693-8ba1-54d4da58f6d9,united states,usa,WGS84,"{""lat"": 37.098798, ""lon"": -88.68178}",-88.68178,37.098798,1968,7/9/68,lythrum salicaria,https://sernecportal.org/imglib/seinet/sernec/NCU_VascularPlants/NCU00116/NCU00116786_01.JPG,invasive,6.962,116,0.602,JM,11/4/25,
6df9df26-127f-4e19-8dab-305aa7897a2b,united states,usa,WGS84,"{""lat"": 39.977475, ""lon"": -80.730614}",-80.730614,39.977475,1985,7/8/85,lythrum salicaria,https://sernecportal.org/imglib/seinet/sernec/NCU_VascularPlants/NCU00116/NCU00116789_01.JPG,invasive,10.978,116,2.539,JM,11/4/25,
6e04b37c-1d64-4076-a320-1f57b6d5c0ff,united states,usa,WGS84,"{""lat"": 46.70307, ""lon"": -119.01243}",-119.01243,46.70307,2009,9/29/09,lythrum salicaria,https://www.pnwherbaria.org/images/jpeg.php?Image=WTU-V-007369.jpg,invasive,1.299,126,2.127,JM,11/4/25,
6e3678cc-f6c4-4433-99cd-a5de33e316bb,united states,usa,WGS84,"{""lat"": 43.10487, ""lon"": -83.21938}",-83.21938,43.10487,2003,7/30/03,lythrum salicaria,https://quod.lib.umich.edu/cgi/i/image/api/image/herb00ic:1221445:MICH-V-1221445/full/res:0/0/native.jpg,invasive,1.8,124,3.244,JM,11/4/25,
6e7fa745-90fb-448d-a3be-c4a60bcd3d51,united states,usa,WGS84,"{""lat"": 45.533358, ""lon"": -123.000592}",-123.000592,45.533358,1993,7/20/93,lythrum salicaria,https://www.pnwherbaria.org/images/jpeg.php?Image=HPSU007018.jpg,invasive,5.454,124,0.953,JM,11/4/25,
6e887886-c065-4a29-b18f-eb3300567d46,united states,usa,WGS84,"{""lat"": 40.329214, ""lon"": -75.937988}",-75.937988,40.329214,1941,6/27/41,lythrum salicaria,https://mam.ansp.org/image/PH/Fullsize/00449/PH00449103.jpg,invasive,,,,JM,11/4/25,Link broken
6f3d1766-2a93-4374-8062-1ca0a565fe88,united states,usa,WGS84,"{""lat"": 40.122484, ""lon"": -78.226281}",-78.226281,40.122484,1962,7/8/62,lythrum salicaria,https://mam.ansp.org/image/PH/Fullsize/00449/PH00449133.jpg,invasive,,,,JM,11/4/25,Link broken
6f507c6a-24d9-4c91-bd68-bc199b68b9ba,united states,usa,WGS84,"{""lat"": 40.829819, ""lon"": -74.957408}",-74.957408,40.829819,1959,8/13/59,lythrum salicaria,https://mam.ansp.org/image/PH/Fullsize/00449/PH00449219.jpg,invasive,,,,JM,11/4/25,Link broken
70a84df8-c29f-422b-a8bc-73d5b0a2ba46,united states,usa,WGS84,"{""lat"": 41.31079, ""lon"": -70.11468}",-70.11468,41.31079,1999,8/26/99,lythrum salicaria,http://nansh.org/imglib/seinet/nansh/VT/UVMVT126/UVMVT126346.jpg,invasive,4.364,121,0.706,JM,11/4/25,
71211cdc-739a-485c-9a60-6fb5900e9c57,united states,usa,WGS84,"{""lat"": 47.560594, ""lon"": -120.58761}",-120.58761,47.560594,1990,6/30/90,lythrum salicaria,https://www.pnwherbaria.org/images/jpeg.php?Image=WTU-V-005666.jpg,invasive,5.667,130,1.739,JM,11/18/25,
7223331b-645f-4551-a1a3-2bdf867be88f,united states,usa,WGS84,"{""lat"": 42.466184, ""lon"": -76.499663}",-76.499663,42.466184,1917,8/22/17,lythrum salicaria,https://storage.idigbio.org/wis/aquatic/v0305/v0305281WIS_lg.jpg,invasive,9.231,92,1.935,JM,11/18/25,
73dc419c-3bda-4192-91dd-1b1b1581e45c,united states,usa,WGS84,"{""lat"": 40.762859, ""lon"": -75.619738}",-75.619738,40.762859,1960,7/19/60,lythrum salicaria,https://mam.ansp.org/image/PH/Fullsize/00449/PH00449101.jpg,invasive,,,,JM,11/18/25,Link broken
73e617f8-6f46-4e42-ade6-b9d37b6bf160,united states,usa,WGS84,"{""lat"": 44.670046, ""lon"": -90.603257}",-90.603257,44.670046,2009,8/22/09,lythrum salicaria,https://midwestherbaria.org/imglib/storage/uwl/aquatic/UWL0000/UWL0000014_lg.jpg,invasive,8.194,92,1.575,JM,11/18/25,
74088b4b-f70c-4f26-a146-62d5b726a3d2,united states,usa,WGS84,"{""lat"": 41.48781, ""lon"": -73.4883}",-73.4883,41.48781,1993,9/10/93,lythrum salicaria,https://neherbaria.org/imglib/cnh/WesternConnecticutStateUniversity_WCSU/WCSU-02/WCSU-02612.jpg,invasive,3.898,144,4.007,JM,11/18/25,
747bbc04-16bd-4390-bf03-a3aa8c2a0d2e,united states,usa,WGS84,"{""lat"": 41.36498, ""lon"": -72.1458}",-72.1458,41.36498,1912,8/2/12,lythrum salicaria,https://neherbaria.org/imglib/cnh/ConnecticutCollege_CCNL/CCNL-06/CCNL-06615.jpg,invasive,7.558,147,2.957,JM,11/18/25,
74afbd13-60e8-46c6-b08e-e349ce322a22,united states,usa,WGS84,"{""lat"": 43.684912, ""lon"": -116.54309}",-116.54309,43.684912,1980,8/28/80,lythrum salicaria,https://www.pnwherbaria.org/images/jpeg.php?Image=CIC016135.jpg,invasive,6.456,126,3.71,JM,11/18/25,
75242379-7f32-45a9-a617-cccf79da095f,united states,usa,WGS84,"{""lat"": 43.804162, ""lon"": -88.3903}",-88.3903,43.804162,2010,8/15/10,lythrum salicaria,https://midwestherbaria.org/imglib/storage/uwl/aquatic/UWL0000/UWL0000011_lg.jpg,invasive,2.343,90,2.544,JM,11/18/25,
753c8bea-3296-4aeb-8df3-9dd889038476,united states,usa,WGS84,"{""lat"": 39.621663, ""lon"": -119.264889}",-119.264889,39.621663,1998,8/18/98,lythrum salicaria,https://intermountainbiota.org/imglib/seinet/intermt/RENO_V/00020/20194.JPG,invasive,6.782,132,2.913,JM,11/18/25,
75580d77-f17a-4f38-bd56-b2f026d0159d,united states,usa,WGS84,"{""lat"": 39.632523, ""lon"": -119.282734}",-119.282734,39.632523,1977,7/23/77,lythrum salicaria,https://intermountainbiota.org/imglib/seinet/intermt/RENO_V/00020/20197.JPG,invasive,13.085,132,1.934,JM,11/18/25,
75751e34-7661-4206-9558-dd77fdcba389,united states,usa,WGS84,"{""lat"": 46.94718, ""lon"": -123.65509}",-123.65509,46.94718,2009,9/1/09,lythrum salicaria,https://www.pnwherbaria.org/images/jpeg.php?Image=WTU-V-022125.jpg,invasive,5.873,122,2.156,JM,11/18/25,
75996347-861a-4ef2-9305-0ca58059b417,united states,usa,WGS84,"{""lat"": 42.09337, ""lon"": -72.32611}",-72.32611,42.09337,1996,7/29/96,lythrum salicaria,https://neherbaria.org/imglib/cnh/WestfieldStateUniversity_WSCH/WSCH002/WSCH002910.jpg,invasive,6.509,124,4.049,JM,11/18/25,
7600f8b1-481e-49d2-a2a2-eba492c8ae4c,united states,usa,WGS84,"{""lat"": 42.302, ""lon"": -73.23412}",-73.23412,42.302,1967,9/18/67,lythrum salicaria,https://neherbaria.org/imglib/cnh/WestfieldStateUniversity_WSCH/WSCH002/WSCH002913.jpg,invasive,2.937,126,1.553,JM,11/18/25,
76109396-7f17-4af9-b8c6-eddcecf41c50,united states,usa,WGS84,"{""lat"": 45.703707, ""lon"": -92.702786}",-92.702786,45.703707,2022,8/20/22,lythrum salicaria,https://symbiota2.math.wisc.edu/wis/portal/content/spec_images/WIS_VP/v0431/v0431805WIS_lg.jpg,invasive,7.308,80,3.446,JM,11/18/25,
761fe4d8-cdbe-4585-98df-f9414b4a5835,united states,usa,WGS84,"{""lat"": 44.440333, ""lon"": -89.8115}",-89.8115,44.440333,2013,8/24/13,lythrum salicaria,https://midwestherbaria.org/imglib/storage/portals/seinet/midwest/UWSP/UWSP-V-0010/261ff0a7f49eb4b3500810de96e95f_1527784900_lg.jpg,invasive,1.757,85,1.747,JM,11/18/25,
76cc1e00-22c0-4c71-b90c-3d01db6aabd4,united states,usa,WGS84,"{""lat"": 40.133021, ""lon"": -74.739242}",-74.739242,40.133021,1923,9/1/23,lythrum salicaria,https://mam.ansp.org/image/PH/Fullsize/00449/PH00449245.jpg,invasive,,,,JM,11/18/25,Link broken
781cea81-2385-4a4d-a7b0-0c8aa39f9249,united states,usa,WGS84,"{""lat"": 42.5794727, ""lon"": -99.5002542}",-99.5002542,42.5794727,2007,7/24/07,lythrum salicaria,https://ngpherbaria.org/imglib/seinet/ngph/CSCN/CSCN-V-0048/CSCN-V-0048473_lg.jpg,invasive,6.077,100,3.337,JM,11/18/25,
78980bf9-d958-4460-b83d-ed60ac7c9420,united states,usa,WGS84,"{""lat"": 42.79442, ""lon"": -70.96878}",-70.96878,42.79442,1988,7/2/88,lythrum salicaria,https://neherbaria.org/imglib/cnh/UniversityofNewHampshire_NHA/NHA-726/NHA-726684.jpg,invasive,12.372,160,2.322,JM,11/18/25,
7901ba7d-9350-42d9-a98f-bd57c343927e,united states,usa,WGS84,"{""lat"": 40.171349, ""lon"": -74.904991}",-74.904991,40.171349,1924,9/9/24,lythrum salicaria,https://storage.idigbio.org/wis/aquatic/v0305/v0305287WIS_lg.jpg,invasive,14.776,90,5.687,JM,11/18/25,
798a4c2f-8b59-4d70-a5b1-1e53a76e5e89,united states,usa,WGS84,"{""lat"": 46.89746, ""lon"": -119.19958}",-119.19958,46.89746,2008,9/4/08,lythrum salicaria,https://www.pnwherbaria.org/images/jpeg.php?Image=WTU-V-022133.jpg,invasive,4.025,126,3.247,JM,11/18/25,
79b9ba5c-26f0-4d76-9431-1cdd62d594e6,united states,usa,WGS84,"{""lat"": 42.104261, ""lon"": -72.31897}",-72.31897,42.104261,1897,1897/06/26,lythrum salicaria,https://storage.idigbio.org/wis/aquatic/v0305/v0305290WIS_lg.jpg,invasive,8.93,94,4.846,JM,11/18/25,
79c41599-4410-43fd-a867-d4685cf6194b,united states,usa,WGS84,"{""lat"": 45.551049, ""lon"": -122.945374}",-122.945374,45.551049,1982,7/23/82,lythrum salicaria,https://www.pnwherbaria.org/images/jpeg.php?Image=HPSU007019.jpg,invasive,7.317,123,5,JM,11/18/25,
7a016885-1e81-4e1d-bfc1-a9580b3c223d,united states,usa,WGS84,"{""lat"": 41.65711, ""lon"": -72.66329}",-72.66329,41.65711,1982,9/28/82,lythrum salicaria,https://neherbaria.org/imglib/cnh/CentralConnecticutStateUniversity_CCSU/CCSU-05/CCSU-05469.jpg,invasive,5.793,144,2.29,JM,11/18/25,
7b466f96-dc7a-40df-93a5-7006e152eec1,united states,usa,WGS84,"{""lat"": 40.736794, ""lon"": -75.592108}",-75.592108,40.736794,1962,7/8/62,lythrum salicaria,https://mam.ansp.org/image/PH/Fullsize/00449/PH00449080.jpg,invasive,,,,JM,11/18/25,Link broken
7bc19e0a-bbfd-4d87-9cda-db0fb6b28285,united states,usa,WGS84,"{""lat"": 47.8125, ""lon"": -112.18278}",-112.18278,47.8125,2002,7/22/02,lythrum salicaria,https://www.pnwherbaria.org/images/jpeg.php?Image=MONT038319.jpg,invasive,2.649,125,3.924,JM,11/18/25,
7bee292f-5402-44bc-ba69-a3583528b28f,united states,usa,WGS84,"{""lat"": 41.3457778, ""lon"": -74.6807222}",-74.6807222,41.3457778,2010,7/31/10,lythrum salicaria,https://cdn.floridamuseum.ufl.edu/Herbarium/49f1e5bf-0e5f-4f5d-94f7-33beb0cf69c9,invasive,5.965,150,2.768,JM,11/18/25,
7c2fc672-c6d0-4c77-9444-724e1fe4f159,united states,usa,WGS84,"{""lat"": 42.48837, ""lon"": -71.51779}",-71.51779,42.48837,1977,8/5/77,lythrum salicaria,https://neherbaria.org/imglib/cnh/UniversityofNewHampshire_NHA/NHA-726/NHA-726686.jpg,invasive,3.678,162,5.059,JM,11/18/25,
7c434d2d-231d-414f-b796-6bb02396fc03,united states,usa,WGS84,"{""lat"": 41.6303, ""lon"": -72.0758}",-72.0758,41.6303,1952,7/13/52,lythrum salicaria,"https://images.collections.yale.edu/iiif/2/ypm:9fd3b6d5-953c-4f60-b8b4-8086d1e7d3e9/full/!1920,1920/0/default.jpg",invasive,,,,JM,11/18/25,No scale
7e0b730a-4a54-4fa9-ac73-5f602f097915,united states,usa,WGS84,"{""lat"": 41.40136, ""lon"": -73.47053}",-73.47053,41.40136,1997,7/18/97,lythrum salicaria,https://neherbaria.org/imglib/cnh/WesternConnecticutStateUniversity_WCSU/WCSU-02/WCSU-02600.jpg,invasive,4.116,143,1.53,JM,11/18/25,
7e100305-c770-4d0c-b684-b407f49c8874,united states,usa,WGS84,"{""lat"": 46.666368, ""lon"": -92.111308}",-92.111308,46.666368,1970,7/16/70,lythrum salicaria,https://midwestherbaria.org/imglib/storage/uwl/aquatic/UWL0000/UWL0000028_lg.jpg,invasive,5.115,90,2.334,JM,11/18/25,
7e535215-5c67-4f04-8515-4c722cd964bc,united states,usa,WGS84,"{""lat"": 40.87435, ""lon"": -75.613566}",-75.613566,40.87435,1968,7/22/68,lythrum salicaria,http://mam.ansp.org/image/MCA/Fullsize/0041/MCA0041795.jpg,invasive,,,,JM,11/18/25,Link broken
7ee62c90-b19d-47e2-83d8-17219e065387,united states,usa,WGS84,"{""lat"": 40.372352, ""lon"": -74.950412}",-74.950412,40.372352,1923,7/8/23,lythrum salicaria,http://mam.ansp.org/image/CHRB/Fullsize/0001/CHRB0001055.jpg,invasive,,,,JM,11/18/25,Link broken
80379c56-1d95-4fd4-9772-3da851d0fe44,united states,usa,WGS84,"{""lat"": 39.900391, ""lon"": -75.135732}",-75.135732,39.900391,1878,1878/08/16,lythrum salicaria,https://mam.ansp.org/image/PH/Fullsize/00449/PH00449143.jpg,invasive,,,,JM,11/18/25,Link broken
80723ca0-fab9-4eba-a74f-5f992b454bdd,united states,usa,WGS84,"{""lat"": 39.1048, ""lon"": -108.6626}",-108.6626,39.1048,1999,8/14/99,lythrum salicaria,https://intermountainbiota.org/imglib/h_seinet/seinet/KHD/KHD00010/KHD00010901_lg.jpg,invasive,2.719,112,2.828,JM,11/18/25,
807bab33-999d-4194-858b-543536a5717b,united states,usa,WGS84,"{""lat"": 40.088444, ""lon"": -75.221011}",-75.221011,40.088444,1994,8/31/94,lythrum salicaria,http://mam.ansp.org/image/MOAR/Fullsize/0012/MOAR0012051.jpg,invasive,,,,JM,11/18/25,Link broken
809357fe-2717-46f2-aa12-360a47ac69df,united states,usa,WGS84,"{""lat"": 47.466123, ""lon"": -122.028128}",-122.028128,47.466123,2000,8/23/00,lythrum salicaria,https://www.pnwherbaria.org/images/jpeg.php?Image=WTU-V-022156.jpg,invasive,7.174,125,6.045,JM,11/18/25,
4f2e713e-c90a-4de6-910d-eeb5fa882997,united states,usa,WGS84,"{""lat"": 40.67305, ""lon"": -76.914967}",-76.914967,40.67305,1988,7/15/88,lythrum salicaria,https://web.corral.tacc.utexas.edu/torch/BAYLU/BAYLU0028000/BAYLU028367.jpg,invasive ,10.168,156,3.975,JM,11/18/25,
5fd54562-0759-4b75-b49e-6287eb94e020,austria,aut,WGS84,"{""lat"": 47.783333, ""lon"": 17.033333}",17.033333,47.783333,1973,8/2/73,lythrum salicaria,https://medialib.naturalis.nl/file/id/L.3923163/format/large,native,,35.5,4.564,BF,11/18/25,none of leaves were flat enough to measure/estimate
7d70e56f-3d85-4213-8ed0-96baf038ab9e,france,fra,WGS84,"{""lat"": 43.298333, ""lon"": 0.685}",0.685,43.298333,1992,9/10/92,lythrum salicaria,https://medialib.naturalis.nl/file/id/WAG.1071173/format/large,native,9.438,44,4.344,BF,11/4/25,
63e0b74d-6049-4a69-91f6-9a952d8b477d,germany,deu,WGS84,"{""lat"": 50.560822, ""lon"": 6.329594}",6.329594,50.560822,2010,7/31/10,lythrum salicaria,https://medialib.naturalis.nl/file/id/WAG.1071193/format/large,native,1.26,44,2.229,BF,11/4/25,
424ed1ec-6f1d-4121-b228-1f2222618daf,netherlands,nld,WGS84,"{""lat"": 53.226534, ""lon"": 6.173373}",6.173373,53.226534,1930,8/16/30,lythrum salicaria,https://medialib.naturalis.nl/file/id/L.3331291/format/large,native,9.833,37,4.648,BF,11/4/25,
4282d6db-5725-4ff3-868d-0de04fb35ec5,netherlands,nld,WGS84,"{""lat"": 52.37285, ""lon"": 4.616257}",4.616257,52.37285,1913,8/1/13,lythrum salicaria,https://medialib.naturalis.nl/file/id/L.3331216/format/large,native,1.288,36,2.837,BF,11/4/25,
4541126e-610c-4671-b3bc-48efda1445db,netherlands,nld,WGS84,"{""lat"": 52.105457, ""lon"": 5.13176}",5.13176,52.105457,1916,7/1/16,lythrum salicaria,https://medialib.naturalis.nl/file/id/L.3331078/format/large,native,3.41,35.5,3.982,BF,11/4/25,
455a1365-fde9-409b-94b6-7ada43480008,netherlands,nld,WGS84,"{""lat"": 51.813409, ""lon"": 4.335799}",4.335799,51.813409,1971,8/12/71,lythrum salicaria,https://medialib.naturalis.nl/file/id/L.3331348/format/large,native,9.088,35.5,5.234,BF,11/4/25,
473a0732-1a04-4997-a830-694dd3e3baa3,netherlands,nld,WGS84,"{""lat"": 52.103247, ""lon"": 6.15348}",6.15348,52.103247,1916,7/3/16,lythrum salicaria,https://medialib.naturalis.nl/file/id/U.1362240/format/large,native,9.779,35.5,7.572,BF,11/4/25,
485536ab-67a8-441e-abd4-be25fc67d16a,netherlands,nld,WGS84,"{""lat"": 52.147136, ""lon"": 4.474059}",4.474059,52.147136,1842,1842/07/01,lythrum salicaria,https://medialib.naturalis.nl/file/id/L.3332979/format/large,native,10.269,40,3.677,BF,11/4/25,
48b48adc-62a3-4361-b3a6-da74eaaef750,netherlands,nld,WGS84,"{""lat"": 52.194823, ""lon"": 4.955738}",4.955738,52.194823,1965,7/4/65,lythrum salicaria,https://medialib.naturalis.nl/file/id/U.1362222/format/large,native,8.527,35,5.101,BF,11/4/25,"last internode recorded, only one visible"
48ff8b73-61cb-45d7-9275-51dc6a58410f,netherlands,nld,WGS84,"{""lat"": 52.194341, ""lon"": 5.935658}",5.935658,52.194341,1915,1/1/15,lythrum salicaria,https://medialib.naturalis.nl/file/id/L.3331187/format/large,native,3.765,35.5,7.894,BF,11/4/25,
49c72cf8-515a-41a5-92d4-6349195386fd,netherlands,nld,WGS84,"{""lat"": 53.177805, ""lon"": 6.621237}",6.621237,53.177805,1959,6/23/59,lythrum salicaria,https://medialib.naturalis.nl/file/id/L.3708579/format/large,native,,,,,,image not measurable
4a6a714d-213f-4f99-810e-9439e0f22f5b,netherlands,nld,WGS84,"{""lat"": 53.154767, ""lon"": 7.03921}",7.03921,53.154767,1949,8/1/49,lythrum salicaria,https://medialib.naturalis.nl/file/id/L.3331293/format/large,native,4.662,35.5,3.102,BF,11/4/25,
4af450b0-65dd-4419-a2d7-f539a4196c3e,netherlands,nld,WGS84,"{""lat"": 52.1494, ""lon"": 4.83929}",4.83929,52.1494,1953,8/22/53,lythrum salicaria,https://medialib.naturalis.nl/file/id/L.3331114/format/large,native,6.281,36.5,2.834,BF,11/4/25,
4c268d20-8c8f-4824-9f4a-135ccd5caa1b,netherlands,nld,WGS84,"{""lat"": 51.742718, ""lon"": 4.482239}",4.482239,51.742718,1971,10/8/71,lythrum salicaria,https://medialib.naturalis.nl/file/id/L.3331181/format/large,native,5.79,36,1.979,BF,11/11/25,
4d48fdd1-abca-41dd-9203-56d0ef6f6078,netherlands,nld,WGS84,"{""lat"": 51.921879, ""lon"": 4.405952}",4.405952,51.921879,1936,7/1/36,lythrum salicaria,https://medialib.naturalis.nl/file/id/L.3331283/format/large,native,4.958,36,3.583,BF,11/11/25,"measured a low on, hard to see"
4d7880a0-6b4e-4e05-9021-34e836fcecb1,netherlands,nld,WGS84,"{""lat"": 52.548872, ""lon"": 6.603525}",6.603525,52.548872,1968,6/29/68,lythrum salicaria,https://medialib.naturalis.nl/file/id/L.2486741/format/large,native,7.497,37,6.641,BF,11/11/25,
4da0bcf9-7353-4710-952c-5984b9911e82,netherlands,nld,WGS84,"{""lat"": 51.923002, ""lon"": 4.551304}",4.551304,51.923002,1900,7/1/00,lythrum salicaria,https://medialib.naturalis.nl/file/id/L.3331141/format/large,native,7.364,35.3,4.445,BF,11/11/25,
507384dc-87fb-4c15-96ba-480e2e6dc692,netherlands,nld,WGS84,"{""lat"": 52.283442, ""lon"": 6.083307}",6.083307,52.283442,1924,7/20/24,lythrum salicaria,https://medialib.naturalis.nl/file/id/L.3331246/format/large,native,2.036,35.5,5.001,BF,11/11/25,"part of leaf missing, estimated"
521933b0-9b1b-4b2b-9c6d-aa96fd05080b,netherlands,nld,WGS84,"{""lat"": 52.372348, ""lon"": 4.542842}",4.542842,52.372348,1839,1839/08/01,lythrum salicaria,https://medialib.naturalis.nl/file/id/L.3331108/format/large,native,3.261,35,3.269,BF,11/11/25,
52ff302f-655a-4c2e-a245-09ddc4dcc96a,netherlands,nld,WGS84,"{""lat"": 53.408792, ""lon"": 5.274394}",5.274394,53.408792,1955,8/24/55,lythrum salicaria,https://medialib.naturalis.nl/file/id/U.1362231/format/large,native,2.485,35.6,2.679,BF,11/11/25,
543782b0-465e-4edc-811b-e7981d3f4aed,netherlands,nld,WGS84,"{""lat"": 53.205654, ""lon"": 6.532226}",6.532226,53.205654,1904,8/21/04,lythrum salicaria,https://medialib.naturalis.nl/file/id/L.3331253/format/large,native,4.56,34.6,2.784,BF,11/11/25,
54fd15a7-68b4-47d7-90a6-c93e729ff913,netherlands,nld,WGS84,"{""lat"": 52.338331, ""lon"": 4.880976}",4.880976,52.338331,1963,8/9/63,lythrum salicaria,https://medialib.naturalis.nl/file/id/AMD.105793/format/large,native,10.993,40.5,4.607,BF,11/12/25,
5679bc66-a515-47a8-a20a-26b3ace0761a,netherlands,nld,WGS84,"{""lat"": 52.597514, ""lon"": 4.612316}",4.612316,52.597514,1966,7/18/66,lythrum salicaria,https://medialib.naturalis.nl/file/id/L.3331351/format/large,native,2.978,36,3.498,BF,11/12/25,
56c44929-964d-4fa4-bac4-64bc62d30356,netherlands,nld,WGS84,"{""lat"": 51.879773, ""lon"": 5.931825}",5.931825,51.879773,1960,7/2/60,lythrum salicaria,https://medialib.naturalis.nl/file/id/L.4213323/format/large,native,14.384,36.5,2.989,BF,11/12/25,"had to use a shorter stem for internode, only one visible"
56ce515d-1732-494a-b181-82b07c49c6bf,netherlands,nld,WGS84,"{""lat"": 52.597514, ""lon"": 4.612316}",4.612316,52.597514,1908,7/1/08,lythrum salicaria,https://medialib.naturalis.nl/file/id/U.1362259/format/large,native,3.636,36,3.603,BF,11/12/25,
56ec2208-ede8-47f9-b171-7a9a292707c0,netherlands,nld,WGS84,"{""lat"": 52.015578, ""lon"": 5.132273}",5.132273,52.015578,1950,8/1/50,lythrum salicaria,https://medialib.naturalis.nl/file/id/U.1362232/format/large,native,1.824,35.5,3.63,BF,11/12/25,"most of stem cut off, not many flowers to choose from"
572ac3e7-3c17-450d-a148-0bb99940b018,netherlands,nld,WGS84,"{""lat"": 51.901912, ""lon"": 4.530902}",4.530902,51.901912,1917,9/3/17,lythrum salicaria,https://medialib.naturalis.nl/file/id/L.3332971/format/large,native,6.953,36.3,2.54,BF,11/12/25,
590e5cff-07aa-4b52-ae56-01baa25019d1,netherlands,nld,WGS84,"{""lat"": 52.548872, ""lon"": 6.603525}",6.603525,52.548872,1968,6/29/68,lythrum salicaria,https://medialib.naturalis.nl/file/id/L.3331251/format/large,native,2.485,34.3,3.038,BF,11/13/25,
5a4f11e9-13e1-4680-959c-97a20a27e1a6,netherlands,nld,WGS84,"{""lat"": 52.145914, ""lon"": 4.327981}",4.327981,52.145914,1959,8/9/59,lythrum salicaria,https://medialib.naturalis.nl/file/id/L.3331363/format/large,native,2.848,36,3.389,BF,11/13/25,
5a9b0040-60af-4573-9501-c174c2eb8e06,netherlands,nld,WGS84,"{""lat"": 51.20564, ""lon"": 5.923842}",5.923842,51.20564,1900,1/1/00,lythrum salicaria,https://medialib.naturalis.nl/file/id/L.3331371/format/large,native,9.912,36,4.604,BF,11/13/25,
5b052583-7889-446b-a327-a9f8962ea069,netherlands,nld,WGS84,"{""lat"": 51.966667, ""lon"": 5.683333}",5.683333,51.966667,1997,6/10/97,lythrum salicaria,https://medialib.naturalis.nl/file/id/WAG.1071137/format/large,native,2.564,42.5,3.191,BF,11/13/25,
5b7a62bb-37f2-4c6a-af09-5b1daf3e09e7,netherlands,nld,WGS84,"{""lat"": 52.32997, ""lon"": 5.717277}",5.717277,52.32997,1900,7/1/00,lythrum salicaria,https://medialib.naturalis.nl/file/id/L.3331037/format/large,native,20.001,36,4.23,BF,11/13/25,
5c1a7184-4ebe-4dc5-a93d-30c35886a58f,netherlands,nld,WGS84,"{""lat"": 52.355051, ""lon"": 7.02391}",7.02391,52.355051,1950,7/13/50,lythrum salicaria,https://medialib.naturalis.nl/file/id/L.3331229/format/large,native,11.656,35.5,7.109,BF,11/13/25,
5c66f5f4-87b0-4707-9682-abd8034a478a,netherlands,nld,WGS84,"{""lat"": 51.967938, ""lon"": 4.550468}",4.550468,51.967938,1908,7/5/08,lythrum salicaria,https://medialib.naturalis.nl/file/id/L.3331260/format/large,native,5.629,40.5,3.201,BF,11/13/25,
5c8f56e0-dad1-42ff-966b-b5e2d7d51953,netherlands,nld,WGS84,"{""lat"": 52.329147, ""lon"": 4.83707}",4.83707,52.329147,1899,1899/09/02,lythrum salicaria,https://medialib.naturalis.nl/file/id/L.3331185/format/large,native,6.209,37,2.756,BF,11/13/25,
5cdc9630-7a50-4251-839c-9473c9a18112,netherlands,nld,WGS84,"{""lat"": 52.37362, ""lon"": 6.980538}",6.980538,52.37362,1948,7/10/48,lythrum salicaria,https://medialib.naturalis.nl/file/id/L.3331270/format/large,native,10.558,36,4.253,BF,11/14/25,
5d3eec64-ea8f-413e-a21a-63214630b138,netherlands,nld,WGS84,"{""lat"": 52.105457, ""lon"": 5.13176}",5.13176,52.105457,1917,6/1/17,lythrum salicaria,https://medialib.naturalis.nl/file/id/U.1362263/format/large,native,4.575,36.5,2.603,BF,11/14/25,
5da391d0-5fb0-45c8-a86b-f176aa564773,netherlands,nld,WGS84,"{""lat"": 52.060789, ""lon"": 5.423654}",5.423654,52.060789,1922,6/1/22,lythrum salicaria,https://medialib.naturalis.nl/file/id/L.3331079/format/large,native,8.958,35.6,2.731,BF,11/14/25,
5e0dc7f2-9760-48bf-966c-467574427a67,netherlands,nld,WGS84,"{""lat"": 53.363862, ""lon"": 5.274514}",5.274514,53.363862,1964,8/16/64,lythrum salicaria,https://medialib.naturalis.nl/file/id/U.1362238/format/large,native,7.437,35,4.086,BF,11/14/25,
5e52919d-974d-4032-8583-d88edddc9327,netherlands,nld,WGS84,"{""lat"": 52.369164, ""lon"": 6.598584}",6.598584,52.369164,1953,8/14/53,lythrum salicaria,https://medialib.naturalis.nl/file/id/L.3331341/format/large,native,10.383,36,8.482,BF,11/14/25,
5f38bce9-4997-4131-a66a-0a0956576b12,netherlands,nld,WGS84,"{""lat"": 51.90426, ""lon"": 4.449931}",4.449931,51.90426,1905,7/1/05,lythrum salicaria,https://medialib.naturalis.nl/file/id/L.3331207/format/large,native,9.079,36.5,5.732,BF,11/14/25,used segmented line
5ff2611b-dd1e-4da4-b82d-95e6eddfab44,netherlands,nld,WGS84,"{""lat"": 52.238502, ""lon"": 4.69179}",4.69179,52.238502,1894,1894/07/05,lythrum salicaria,https://medialib.naturalis.nl/file/id/L.3331152/format/large,native,5.966,36,2.725,BF,11/14/25,
5ff7a395-0f5f-42a6-9a88-eafd240b81c5,netherlands,nld,WGS84,"{""lat"": 51.967938, ""lon"": 4.550468}",4.550468,51.967938,1908,7/5/08,lythrum salicaria,https://medialib.naturalis.nl/file/id/L.3331259/format/large,native,6.913,41,6.77,BF,11/15/25,
608591a1-fab6-4c38-b466-05606bf1f10e,netherlands,nld,WGS84,"{""lat"": 52.283437, ""lon"": 4.691086}",4.691086,52.283437,1852,1852/08/01,lythrum salicaria,https://medialib.naturalis.nl/file/id/L.3331100/format/large,native,2.085,39.7,2.052,BF,11/15/25,
60d50b8c-379b-4b3a-a6a8-990f7559f382,netherlands,nld,WGS84,"{""lat"": 53.269106, ""lon"": 6.473959}",6.473959,53.269106,1960,7/22/60,lythrum salicaria,https://medialib.naturalis.nl/file/id/L.3331349/format/large,native,10.955,36.3,6.168,BF,11/15/25,
60edc916-8fb8-49a7-94f2-ba0a4be5fcb1,netherlands,nld,WGS84,"{""lat"": 52.419616, ""lon"": 5.791445}",5.791445,52.419616,1955,7/11/55,lythrum salicaria,https://medialib.naturalis.nl/file/id/L.3331360/format/large,native,5.949,36,3.458,BF,11/15/25,
61441be0-8f23-4c9c-a8e2-a52e96e934d0,netherlands,nld,WGS84,"{""lat"": 51.743744, ""lon"": 4.627018}",4.627018,51.743744,1959,9/1/59,lythrum salicaria,https://medialib.naturalis.nl/file/id/L.3331175/format/large,native,11.516,36,3.477,BF,11/15/25,
61536b1a-3239-4026-91bf-e78e72a85af4,netherlands,nld,WGS84,"{""lat"": 52.374402, ""lon"": 4.909933}",4.909933,52.374402,1911,8/6/11,lythrum salicaria,https://medialib.naturalis.nl/file/id/L.3331281/format/large,native,8.998,36,2.695,BF,11/15/25,
61919b1a-a99b-48b0-b649-f1e065085239,netherlands,nld,WGS84,"{""lat"": 52.128327, ""lon"": 4.372212}",4.372212,52.128327,1932,7/11/32,lythrum salicaria,https://medialib.naturalis.nl/file/id/L.3332955/format/large,native,11.572,37,3.879,BF,11/15/25,
625c55c4-a2d4-4023-a187-7d27453e69ef,netherlands,nld,WGS84,"{""lat"": 52.105276, ""lon"": 5.058779}",5.058779,52.105276,1916,1/1/16,lythrum salicaria,https://medialib.naturalis.nl/file/id/L.3331275/format/large,native,3.79,36,4.156,BF,11/15/25,
6350ec3d-1b21-4035-93fc-00882acf0f23,netherlands,nld,WGS84,"{""lat"": 52.100982, ""lon"": 4.329047}",4.329047,52.100982,1851,1851/07/31,lythrum salicaria,https://medialib.naturalis.nl/file/id/L.3332970/format/large,native,4.706,36.7,2.721,BF,11/15/25,
63677c37-b1b5-4a90-988c-92e730866175,netherlands,nld,WGS84,"{""lat"": 52.05605, ""lon"": 4.330109}",4.330109,52.05605,1924,7/10/24,lythrum salicaria,https://medialib.naturalis.nl/file/id/WAG.1071154/format/large,native,7.045,43,4.629,BF,11/15/25,
645e8d83-1bfe-464a-8ac2-075c8bee710b,netherlands,nld,WGS84,"{""lat"": 51.606706, ""lon"": 4.340582}",4.340582,51.606706,1971,7/10/71,lythrum salicaria,https://medialib.naturalis.nl/file/id/WAG.1071142/format/large,native,7.489,43,3.43,BF,11/18/25,
650a9971-b696-403a-bbca-b11888e46d17,netherlands,nld,WGS84,"{""lat"": 53.177805, ""lon"": 6.621237}",6.621237,53.177805,1856,1856/08/26,lythrum salicaria,https://medialib.naturalis.nl/file/id/L.3331262/format/large,native,6.958,36,5.427,BF,11/18/25,
670ad1bb-7a43-40ac-908d-58e1e71709fb,netherlands,nld,WGS84,"{""lat"": 52.19207, ""lon"": 4.473138}",4.473138,52.19207,1947,8/24/47,lythrum salicaria,https://medialib.naturalis.nl/file/id/L.3331361/format/large,native,10.028,35.5,,BF,11/18/25,could not find a visble internode to measure
686da95d-128f-4abf-be20-f80b8375cd79,netherlands,nld,WGS84,"{""lat"": 52.238507, ""lon"": 6.082604}",6.082604,52.238507,1850,1850/07/05,lythrum salicaria,https://medialib.naturalis.nl/file/id/L.3333022/format/large,native,19.012,38,7.103,BF,11/18/25,
68b0ec26-387e-42d7-b701-1d73a98277dc,netherlands,nld,WGS84,"{""lat"": 51.963226, ""lon"": 6.733124}",6.733124,51.963226,1859,1859/07/24,lythrum salicaria,https://medialib.naturalis.nl/file/id/L.3331042/format/large,native,12.373,36,6.472,BF,11/18/25,
69e8af24-1d95-43d8-a191-a40094b7eb05,netherlands,nld,WGS84,"{""lat"": 53.408792, ""lon"": 5.274394}",5.274394,53.408792,1886,1886/08/07,lythrum salicaria,https://medialib.naturalis.nl/file/id/L.3331107/format/large,native,2.785,35.5,3.941,BF,11/18/25,
6b8c632a-374a-4a37-850f-a1190656f5d2,netherlands,nld,WGS84,"{""lat"": 52.230078, ""lon"": 5.98001}",5.98001,52.230078,1853,1853/08/16,lythrum salicaria,https://medialib.naturalis.nl/file/id/L.3332948/format/large,native,1.917,35.5,1.912,BF,11/18/25,"no flowers visible, just used upper most internode"
6be95c85-f57d-46be-af1c-8d8f16024c8e,netherlands,nld,WGS84,"{""lat"": 52.1041, ""lon"": 4.766865}",4.766865,52.1041,1941,8/12/41,lythrum salicaria,https://medialib.naturalis.nl/file/id/L.3331298/format/large,native,12.754,35.5,6.373,BF,11/18/25,"no flowers visible, just used upper most internode"
6cb3a675-d52b-4efe-8914-cc88c86be0c5,netherlands,nld,WGS84,"{""lat"": 52.910342, ""lon"": 5.802044}",5.802044,52.910342,1934,8/31/34,lythrum salicaria,https://medialib.naturalis.nl/file/id/L.3331157/format/large,native,7.287,36.5,4.125,BF,11/18/25,
6f941e92-4231-4a64-a535-0a1b7ff2ef53,netherlands,nld,WGS84,"{""lat"": 51.236427, ""lon"": 3.489761}",3.489761,51.236427,1868,1868/08/12,lythrum salicaria,https://medialib.naturalis.nl/file/id/L.3331180/format/large,native,15.967,35,6.004,BF,11/18/25,
71969508-4bc6-4c54-9eb7-267911e5f2e6,netherlands,nld,WGS84,"{""lat"": 52.1494, ""lon"": 4.83929}",4.83929,52.1494,1956,7/15/56,lythrum salicaria,https://medialib.naturalis.nl/file/id/U.1362267/format/large,native,6.624,34.5,4.863,BF,11/18/25,
7313c972-a5f3-4e1d-878e-1febab66ed8f,netherlands,nld,WGS84,"{""lat"": 52.238915, ""lon"": 6.009409}",6.009409,52.238915,1851,1851/08/01,lythrum salicaria,https://medialib.naturalis.nl/file/id/L.3331045/format/large,native,11.213,35,10.16,BF,11/18/25,
73a72c63-0808-4b36-b5f2-36b327c856e4,netherlands,nld,WGS84,"{""lat"": 52.374676, ""lon"": 4.983356}",4.983356,52.374676,1923,6/1/23,lythrum salicaria,https://medialib.naturalis.nl/file/id/L.3331274/format/large,native,3.254,37,4.196,BF,11/18/25,
73b4e043-a994-4e2f-9242-69b0fb22bd94,netherlands,nld,WGS84,"{""lat"": 51.922463, ""lon"": 4.478627}",4.478627,51.922463,1893,1893/06/29,lythrum salicaria,https://medialib.naturalis.nl/file/id/L.3332973/format/large,native,9.967,37.5,2.678,BF,11/18/25,
73d9e003-4aa8-4ece-b781-44ad02fcc7d2,netherlands,nld,WGS84,"{""lat"": 51.966184, ""lon"": 4.332226}",4.332226,51.966184,1959,6/23/59,lythrum salicaria,https://medialib.naturalis.nl/file/id/L.3708578/format/large,native,,,,,,image not measurable
74d74698-1053-412b-8cb1-f236a4a53587,netherlands,nld,WGS84,"{""lat"": 53.086324, ""lon"": 6.767892}",6.767892,53.086324,1923,7/21/23,lythrum salicaria,https://medialib.naturalis.nl/file/id/L.3331279/format/large,native,4.605,35.5,2.999,BF,11/18/25,
761d68c8-ebaf-470a-ba4e-d8dc712f499d,netherlands,nld,WGS84,"{""lat"": 53.044487, ""lon"": 6.468302}",6.468302,53.044487,1971,7/13/71,lythrum salicaria,https://medialib.naturalis.nl/file/id/L.3331345/format/large,native,4.02,35.5,3.686,BF,11/18/25,
7731058c-f5b8-4862-88aa-2a805b34fb26,netherlands,nld,WGS84,"{""lat"": 52.145914, ""lon"": 4.327981}",4.327981,52.145914,1939,8/18/39,lythrum salicaria,https://medialib.naturalis.nl/file/id/L.3331210/format/large,native,3.07,36,3.673,BF,11/18/25,
77717d34-9977-433d-b66c-c203aa46caa0,netherlands,nld,WGS84,"{""lat"": 52.328787, ""lon"": 6.010668}",6.010668,52.328787,1936,1/1/36,lythrum salicaria,https://medialib.naturalis.nl/file/id/L.3331198/format/large,native,9.515,36,3.833,BF,11/18/25,
7a2b002b-7c35-454c-81ee-d562782cda59,netherlands,nld,WGS84,"{""lat"": 51.878065, ""lon"": 4.552138}",4.552138,51.878065,1909,7/1/09,lythrum salicaria,https://medialib.naturalis.nl/file/id/L.3331139/format/large,native,5.497,37,4.251,BF,11/18/25,
7a2e3681-2abf-4d0f-b833-e9385e940292,netherlands,nld,WGS84,"{""lat"": 52.239592, ""lon"": 4.911382}",4.911382,52.239592,1957,7/13/57,lythrum salicaria,https://medialib.naturalis.nl/file/id/L.3331112/format/large,native,2.132,37,3.458,BF,11/18/25,
7c19b9a9-f33d-40a6-a6c4-6277550c51ae,netherlands,nld,WGS84,"{""lat"": 52.285212, ""lon"": 5.130726}",5.130726,52.285212,1923,7/14/23,lythrum salicaria,https://medialib.naturalis.nl/file/id/L.3331228/format/large,native,7.293,36,5.225,BF,11/18/25,
7c329c39-cb26-47e8-b406-d1f445cb8ccb,netherlands,nld,WGS84,"{""lat"": 51.700323, ""lon"": 5.85734}",5.85734,51.700323,1924,7/14/24,lythrum salicaria,https://medialib.naturalis.nl/file/id/L.3331288/format/large,native,9.521,36.5,6.506,BF,11/18/25,
7fb7f442-ecb5-4013-bc86-57272dab9f46,netherlands,nld,WGS84,"{""lat"": 52.01234, ""lon"": 6.297592}",6.297592,52.01234,1948,1/1/48,lythrum salicaria,https://medialib.naturalis.nl/file/id/L.3332947/format/large,native,16.994,35.5,6.414,BF,11/18/25,
45108642-8de5-4841-a912-4f106f4fa6e8,norway,nor,WGS84,"{""lat"": 58.9998, ""lon"": 10.0444}",10.0444,58.9998,1912,9/7/12,lythrum salicaria,https://www.unimus.no/felles/bilder/web_hent_bilde.php?id=13445795&type=jpeg,native,4.039,119,2.593,MN,4-Nov,
47578ea5-f036-4027-a059-d83357917d78,norway,nor,WGS84,"{""lat"": 59.8667, ""lon"": 10.4822}",10.4822,59.8667,1929,8/12/29,lythrum salicaria,https://www.unimus.no/felles/bilder/web_hent_bilde.php?id=13386972&type=jpeg,native,2.998,118,1.979,MN,4-Nov,
4790ab72-caf6-4da2-a1e0-76906e38fed1,norway,nor,WGS84,"{""lat"": 61.3694, ""lon"": 5.6598}",5.6598,61.3694,1930,8/3/30,lythrum salicaria,https://www.unimus.no/felles/bilder/web_hent_bilde.php?id=13419860&type=jpeg,native,3.542,119,1.249,MN,4-Nov,
4838228d-efd2-497e-bf73-65c233c2693b,norway,nor,WGS84,"{""lat"": 59.1723, ""lon"": 10.3742}",10.3742,59.1723,2002,6/20/02,lythrum salicaria,https://www.unimus.no/felles/bilder/web_hent_bilde.php?id=13413888&type=jpeg,native,1.235,118,5.138,MN,4-Nov,
49ed0fe8-698e-4628-8a28-33e274a2d99d,norway,nor,WGS84,"{""lat"": 59.3153, ""lon"": 11.7725}",11.7725,59.3153,2002,6/25/02,lythrum salicaria,https://www.unimus.no/felles/bilder/web_hent_bilde.php?id=13430599&type=jpeg,native,2.106,117,6.69,MN,4-Nov,
4a4fee7d-a2d8-4267-b7cb-e7c6059051cb,norway,nor,WGS84,"{""lat"": 58.0533, ""lon"": 7.7741}",7.7741,58.0533,1960,9/24/60,lythrum salicaria,https://www.unimus.no/felles/bilder/web_hent_bilde.php?id=13386548&type=jpeg,native,2.113,120,2.385,MN,4-Nov,
4add6b0c-2743-4426-a735-b27394ec2fcc,norway,nor,WGS84,"{""lat"": 58.1056, ""lon"": 6.6079}",6.6079,58.1056,2008,8/7/08,lythrum salicaria,https://www.unimus.no/felles/bilder/web_hent_bilde.php?id=13386543&type=jpeg,native,4.861,121,2.76,MN,4-Nov,
4c1b3ff5-91cc-4ea9-af63-c58962fa4afa,norway,nor,WGS84,"{""lat"": 58.1985, ""lon"": 8.3484}",8.3484,58.1985,1968,7/29/68,lythrum salicaria,https://www.unimus.no/felles/bilder/web_hent_bilde.php?id=13386531&type=jpeg,native,3.478,118,1.907,MN,4-Nov,
4ce37686-a355-4242-b5c2-c455065fc1ec,norway,nor,WGS84,"{""lat"": 58.8608, ""lon"": 9.5808}",9.5808,58.8608,1937,6/17/37,lythrum salicaria,https://www.unimus.no/felles/bilder/web_hent_bilde.php?id=13445807&type=jpeg,native,2.547,118,2.852,MN,4-Nov,
4dd30f1b-d0c0-42e7-8344-65525ad59aec,norway,nor,WGS84,"{""lat"": 59.5416, ""lon"": 10.7411}",10.7411,59.5416,1940,7/14/40,lythrum salicaria,https://www.unimus.no/felles/bilder/web_hent_bilde.php?id=13387388&type=jpeg,native,8.384,120,5.109,MN,4-Nov,
4e01e2b2-df45-487f-931c-8af7e009dbb8,norway,nor,WGS84,"{""lat"": 59.6834, ""lon"": 9.9057}",9.9057,59.6834,1947,7/23/47,lythrum salicaria,https://www.unimus.no/felles/bilder/web_hent_bilde.php?id=13445786&type=jpeg,native,2.567,117,3.094,MN,4-Nov,
4ff2724b-0969-49d9-b635-e2b9282f80c3,norway,nor,WGS84,"{""lat"": 59.5324, ""lon"": 10.6867}",10.6867,59.5324,1958,7/22/58,lythrum salicaria,https://www.unimus.no/felles/bilder/web_hent_bilde.php?id=13386974&type=jpeg,native,9.773,118,5.124,MN,4-Nov,
50a2fc39-294f-4951-866c-d972bfff890d,norway,nor,WGS84,"{""lat"": 59.2168, ""lon"": 10.9699}",10.9699,59.2168,1898,1898/05/20,lythrum salicaria,https://www.unimus.no/felles/bilder/web_hent_bilde.php?id=13444301&type=jpeg,native,9.884,116,6.46,MN,4-Nov,
51e83c7f-711b-44ab-8854-036255236f5b,norway,nor,WGS84,"{""lat"": 57.9841, ""lon"": 7.0492}",7.0492,57.9841,1932,7/27/32,lythrum salicaria,https://www.unimus.no/felles/bilder/web_hent_bilde.php?id=13386560&type=jpeg,native,6.411,117,3.284,MN,4-Nov,
525f4b77-5caa-43a0-9c1a-91c4425d36a7,norway,nor,WGS84,"{""lat"": 59.1626, ""lon"": 10.3991}",10.3991,59.1626,1932,7/14/32,lythrum salicaria,https://www.unimus.no/felles/bilder/web_hent_bilde.php?id=13445804&type=jpeg,native,4.284,119,5.886,MN,4-Nov,
533c66f3-6fea-423d-ac9d-24ff7d9f59e3,norway,nor,WGS84,"{""lat"": 59.8893, ""lon"": 10.8317}",10.8317,59.8893,1905,7/11/05,lythrum salicaria,https://www.unimus.no/felles/bilder/web_hent_bilde.php?id=13387083&type=jpeg,native,12.784,121,3.735,MN,4-Nov,
55806bfd-398e-4ace-b32e-e6449738cbcb,norway,nor,WGS84,"{""lat"": 59.9293, ""lon"": 10.6934}",10.6934,59.9293,1997,8/17/97,lythrum salicaria,https://www.unimus.no/felles/bilder/web_hent_bilde.php?id=13419926&type=jpeg,native,10.605,119,2.022,MN,4-Nov,
5cb44d3c-4beb-49c3-b89d-2d7a82cb1915,norway,nor,WGS84,"{""lat"": 59.1704, ""lon"": 10.5388}",10.5388,59.1704,2011,6/18/11,lythrum salicaria,https://www.unimus.no/felles/bilder/web_hent_bilde.php?id=14116660&type=jpeg,native,6.619,119,2.678,MN,4-Nov,
5d305df8-fe2d-4179-a4c9-98dd6e039424,norway,nor,WGS84,"{""lat"": 59.0411, ""lon"": 10.9458}",10.9458,59.0411,2005,8/16/05,lythrum salicaria,https://www.unimus.no/felles/bilder/web_hent_bilde.php?id=13431013&type=jpeg,native,2.229,118,0.54,MN,4-Nov,
5eae7371-fda8-41ea-9a37-f47b6cc2f328,norway,nor,WGS84,"{""lat"": 60.2758, ""lon"": 11.1155}",11.1155,60.2758,1934,8/9/34,lythrum salicaria,https://www.unimus.no/felles/bilder/web_hent_bilde.php?id=13387381&type=jpeg,native,7.809,118,6.3,MN,4-Nov,
5ef5400e-cef0-42a3-9cb4-3791bc242e1e,norway,nor,WGS84,"{""lat"": 59.9499, ""lon"": 12.0698}",12.0698,59.9499,2004,8/25/04,lythrum salicaria,https://www.unimus.no/felles/bilder/web_hent_bilde.php?id=13429928&type=jpeg,native,12.927,119,4.516,MN,4-Nov,
5f69238e-f87c-4673-9dd3-82cf2931bd8e,norway,nor,WGS84,"{""lat"": 59.6971, ""lon"": 9.8706}",9.8706,59.6971,1905,7/27/05,lythrum salicaria,https://www.unimus.no/felles/bilder/web_hent_bilde.php?id=13445775&type=jpeg,native,5.969,121,4.165,MN,4-Nov,
6123c919-d2c4-496f-b01b-a0c4ef1db3ff,norway,nor,WGS84,"{""lat"": 59.6971, ""lon"": 9.8706}",9.8706,59.6971,1905,7/27/05,lythrum salicaria,https://www.unimus.no/felles/bilder/web_hent_bilde.php?id=13445773&type=jpeg,native,3.54,119,2.808,MN,4-Nov,
61b54fac-0411-426b-97e8-7f4715c09bfd,norway,nor,WGS84,"{""lat"": 59.1028, ""lon"": 5.586}",5.586,59.1028,1929,6/20/29,lythrum salicaria,https://www.unimus.no/felles/bilder/web_hent_bilde.php?id=13386563&type=jpeg,native,6.722,119,3.258,MN,4-Nov,
61ee0d12-430c-4d13-bae3-23e373efd8af,norway,nor,WGS84,"{""lat"": 58.9819, ""lon"": 10.0351}",10.0351,58.9819,1993,7/20/93,lythrum salicaria,https://www.unimus.no/felles/bilder/web_hent_bilde.php?id=13437665&type=jpeg,native,6.097,118,3.151,MN,4-Nov,
61ee2927-9026-44aa-abe8-9c3c847f9aff,norway,nor,WGS84,"{""lat"": 59.7546, ""lon"": 10.2538}",10.2538,59.7546,2013,8/5/13,lythrum salicaria,https://www.unimus.no/felles/bilder/web_hent_bilde.php?id=14118451&type=jpeg,native,11.303,118,2.798,MN,4-Nov,
653250a5-570e-4bb4-96a8-2e54d00a980d,norway,nor,WGS84,"{""lat"": 59.1237, ""lon"": 9.6463}",9.6463,59.1237,1904,7/8/04,lythrum salicaria,https://www.unimus.no/felles/bilder/web_hent_bilde.php?id=13445811&type=jpeg,native,10.888,120,6.117,MN,4-Nov,
6597a52c-7e5a-439b-82be-49a89b79f45c,norway,nor,WGS84,"{""lat"": 59.5142, ""lon"": 10.6808}",10.6808,59.5142,2003,9/8/03,lythrum salicaria,https://www.unimus.no/felles/bilder/web_hent_bilde.php?id=13430425&type=jpeg,native,11.656,121,2.384,MN,4-Nov,
696aa631-41ad-44e5-b0c0-f154095ed842,norway,nor,WGS84,"{""lat"": 59.66, ""lon"": 10.6816}",10.6816,59.66,1999,8/17/99,lythrum salicaria,https://www.unimus.no/felles/bilder/web_hent_bilde.php?id=13424907&type=jpeg,native,5.923,120,4.197,MN,4-Nov,
69a5e707-7684-4d67-b0e5-2afc3c8c8610,norway,nor,WGS84,"{""lat"": 59.907, ""lon"": 10.6825}",10.6825,59.907,1867,1867/05/19,lythrum salicaria,https://www.unimus.no/felles/bilder/web_hent_bilde.php?id=15638867&type=jpeg,native,18.399,87,4.897,MN,4-Nov,
69fbcc63-62ba-42eb-9ff0-a0570ad0045f,norway,nor,WGS84,"{""lat"": 59.6099, ""lon"": 11.1257}",11.1257,59.6099,2014,8/17/14,lythrum salicaria,https://www.unimus.no/felles/bilder/web_hent_bilde.php?id=14108167&type=jpeg,native,8.667,116,6.988,MN,4-Nov,
6a0faa9d-aeec-4055-9a68-6047b9c17940,norway,nor,WGS84,"{""lat"": 59.7509, ""lon"": 9.8898}",9.8898,59.7509,1879,1879/09/20,lythrum salicaria,https://www.unimus.no/felles/bilder/web_hent_bilde.php?id=13445776&type=jpeg,native,8.021,120,2.236,MN,4-Nov,
6a424a73-058f-4944-97ce-4f04716c5c6e,norway,nor,WGS84,"{""lat"": 58.8811, ""lon"": 11.5207}",11.5207,58.8811,1955,8/9/55,lythrum salicaria,https://www.unimus.no/felles/bilder/web_hent_bilde.php?id=13444292&type=jpeg,native,7.38,118,4.003,MN,4-Nov,
6bccc104-b31b-4d36-a497-bbce170befc2,norway,nor,WGS84,"{""lat"": 58.9578, ""lon"": 5.7135}",5.7135,58.9578,1924,8/20/24,lythrum salicaria,https://www.unimus.no/felles/bilder/web_hent_bilde.php?id=13445822&type=jpeg,native,7.92,119,4.25,MN,4-Nov,
6c1936b4-9062-471d-a815-a49b06e8bcf4,norway,nor,WGS84,"{""lat"": 59.2703, ""lon"": 10.4132}",10.4132,59.2703,1952,9/11/52,lythrum salicaria,https://www.unimus.no/felles/bilder/web_hent_bilde.php?id=13445791&type=jpeg,native,1.839,122,1.248,MN,4-Nov,
6d4ae9c9-0dff-4d28-9002-11eafc6eda95,norway,nor,WGS84,"{""lat"": 59.2164, ""lon"": 10.4101}",10.4101,59.2164,1909,5/20/09,lythrum salicaria,https://www.unimus.no/felles/bilder/web_hent_bilde.php?id=13445797&type=jpeg,native,14.497,120,5.223,MN,11-Nov,
6f07f0e3-38a2-4cce-8e41-6f99909ade76,norway,nor,WGS84,"{""lat"": 59.7476, ""lon"": 10.2811}",10.2811,59.7476,1946,9/13/46,lythrum salicaria,https://www.unimus.no/felles/bilder/web_hent_bilde.php?id=13445779&type=jpeg,native,6.882,118,5.086,MN,11-Nov,
6f66690d-920a-4905-91a7-9d33a18c11b8,norway,nor,WGS84,"{""lat"": 59.0553, ""lon"": 11.0399}",11.0399,59.0553,1911,6/20/11,lythrum salicaria,https://www.unimus.no/felles/bilder/web_hent_bilde.php?id=13444300&type=jpeg,native,4.105,118,2.922,MN,11-Nov,
705fd12c-2a0d-4ec7-ad16-5377c1266dd4,norway,nor,WGS84,"{""lat"": 59.1531, ""lon"": 10.829}",10.829,59.1531,1973,7/6/73,lythrum salicaria,https://www.unimus.no/felles/bilder/web_hent_bilde.php?id=13460611&type=jpeg,native,6.71,121,3.747,MN,11-Nov,
73e20a28-f82b-472b-9264-c7b29fb0a310,norway,nor,WGS84,"{""lat"": 59.8893, ""lon"": 10.8317}",10.8317,59.8893,1953,9/11/53,lythrum salicaria,https://www.unimus.no/felles/bilder/web_hent_bilde.php?id=13387080&type=jpeg,native,15.006,118,3.367,MN,11-Nov,
75128d96-3875-4f57-a201-e56dfbf1587d,norway,nor,WGS84,"{""lat"": 58.9174, ""lon"": 5.5097}",5.5097,58.9174,1924,8/4/24,lythrum salicaria,https://www.unimus.no/felles/bilder/web_hent_bilde.php?id=13445825&type=jpeg,native,11.606,120,3.847,MN,11-Nov,
77af7581-c8f4-46e2-b594-7ce2af96071c,norway,nor,WGS84,"{""lat"": 58.5249, ""lon"": 8.9348}",8.9348,58.5249,1942,8/21/42,lythrum salicaria,https://www.unimus.no/felles/bilder/web_hent_bilde.php?id=13386536&type=jpeg,native,4.987,119,4.06,MN,11-Nov,
787d91c1-4346-43de-b90d-de76b1548091,norway,nor,WGS84,"{""lat"": 59.3221, ""lon"": 11.579}",11.579,59.3221,1930,7/24/30,lythrum salicaria,https://www.unimus.no/felles/bilder/web_hent_bilde.php?id=13444290&type=jpeg,native,11.714,118,3.134,MN,11-Nov,
79ee2e50-ccbb-4deb-9d8c-44779ad6f9d6,norway,nor,WGS84,"{""lat"": 59.7968, ""lon"": 5.4885}",5.4885,59.7968,1927,9/4/27,lythrum salicaria,https://www.unimus.no/felles/bilder/web_hent_bilde.php?id=13445830&type=jpeg,native,2.917,120,3.156,MN,11-Nov,
7ccbae7b-c127-42d0-be46-71292c0565eb,norway,nor,WGS84,"{""lat"": 59.1458, ""lon"": 11.6941}",11.6941,59.1458,1955,7/19/55,lythrum salicaria,https://www.unimus.no/felles/bilder/web_hent_bilde.php?id=13444293&type=jpeg,native,3.121,118,5.832,MN,11-Nov,
7ce9697c-53fe-45f5-b49d-eaf1e8ceeebe,norway,nor,WGS84,"{""lat"": 59.3029, ""lon"": 4.8892}",4.8892,59.3029,1916,8/1/16,lythrum salicaria,https://www.unimus.no/felles/bilder/web_hent_bilde.php?id=13445826&type=jpeg,native,7.6,120,4.205,MN,11-Nov,
7e3da0c1-ac5c-4859-825c-4e4207eb0792,norway,nor,WGS84,"{""lat"": 59.1492, ""lon"": 11.0971}",11.0971,59.1492,1940,6/26/40,lythrum salicaria,https://www.unimus.no/felles/bilder/web_hent_bilde.php?id=13419859&type=jpeg,native,8.474,119,3.784,MN,11-Nov,
807275a8-2193-4b91-90b5-9d37b948da07,norway,nor,WGS84,"{""lat"": 59.8552, ""lon"": 11.5352}",11.5352,59.8552,1933,7/12/33,lythrum salicaria,https://www.unimus.no/felles/bilder/web_hent_bilde.php?id=13387384&type=jpeg,native,5.145,118,3.563,MN,11-Nov,
4f894948-58d9-40af-b232-5208dee2288e,turkey,tur,WGS84,"{""lat"": 37.4, ""lon"": 34.133333}",34.133333,37.4,1979,8/9/79,lythrum salicaria,https://medialib.naturalis.nl/file/id/L.2485965/format/large,native,,,,,,blurry image
73f6d4cd-6ddc-4222-befd-162902ccce76,turkey,tur,WGS84,"{""lat"": 36.966667, ""lon"": 30.8}",30.8,36.966667,1979,8/1/79,lythrum salicaria,https://medialib.naturalis.nl/file/id/L.2485951/format/large,native,,,,,,blurry image 