coreid,dwc.countr,idigbio.is,dwc.geodet,idigbio.ge,idigbio.lo,idigbio.la,idigbio.ev,idigbio._1,dwc.scient,ac.accessU,range,leaf_area_cm^2,pixelpercm,int_length_cm,initials,date_collected,notes
80a2925f-4d1e-49b8-9aaf-8113d3747438,united states,usa,WGS84,"{""lat"": 40.654819, ""lon"": -75.474627}",-75.474627,40.654819,1976,9/3/76,lythrum salicaria,http://mam.ansp.org/image/MCA/Fullsize/0041/MCA0041854.jpg,invasive,,,,ML,10/28/25,broken link
80da683c-3344-4524-bf7d-2192a9a2c463,netherlands,nld,WGS84,"{""lat"": 51.970774, ""lon"": 5.569108}",5.569108,51.970774,1950,8/5/50,lythrum salicaria,https://medialib.naturalis.nl/file/id/U.1362275/format/large,native,3.939,35.335,3.446,ML,10/28/25,
810868d8-e95f-4bda-9d06-ae8f9eb2d0e5,netherlands,nld,WGS84,"{""lat"": 51.895157, ""lon"": 4.435592}",4.435592,51.895157,1927,8/27/27,lythrum salicaria,https://medialib.naturalis.nl/file/id/L.3331344/format/large,native,8.601,35.75,3.562,ML,10/28/25,
81130046-d3d4-403c-8687-97130ff6ecd9,united states,usa,WGS84,"{""lat"": 42.92462, ""lon"": -71.00361}",-71.00361,42.92462,1977,9/1/77,lythrum salicaria,https://neherbaria.org/imglib/cnh/UniversityofNewHampshire_NHA/NHA-706/NHA-706857.jpg,invasive,7.159,159.0031,4.546,ML,10/28/25,
81178bef-5cf3-4f5b-8670-5df28ac99678,united states,usa,WGS84,"{""lat"": 42.834778, ""lon"": -100.524768}",-100.524768,42.834778,1992,7/20/92,lythrum salicaria,https://ngpherbaria.org/imglib/seinet/ngph/CSCN/CSCN-V-0048/CSCN-V-0048463_lg.jpg,invasive,6.246,100.005,5.918,ML,10/28/25,
814d3513-d7b9-451a-b495-55df4c74a563,norway,nor,WGS84,"{""lat"": 57.9841, ""lon"": 7.0492}",7.0492,57.9841,1939,8/19/39,lythrum salicaria,https://www.unimus.no/felles/bilder/web_hent_bilde.php?id=13386561&type=jpeg,native,4.656,119.501,5.459,ML,11/4/25,
81c6249d-ed3a-41df-a0e4-9f15ae147a77,norway,nor,WGS84,"{""lat"": 59.2292, ""lon"": 10.8225}",10.8225,59.2292,1883,1883/05/20,lythrum salicaria,https://www.unimus.no/felles/bilder/web_hent_bilde.php?id=13444291&type=jpeg,native,9.87,119,5.073,ML,11/4/25,
81cc90ab-b4af-426b-8fb6-4b36a0268a85,united states,usa,WGS84,"{""lat"": 41.40136, ""lon"": -73.47053}",-73.47053,41.40136,1995,7/11/95,lythrum salicaria,https://neherbaria.org/imglib/cnh/WesternConnecticutStateUniversity_WCSU/WCSU-02/WCSU-02617.jpg,invasive,5.669,139,4.675,ML,11/4/25,
81de22dc-921b-46d9-aa79-6657c6efcc0e,united states,usa,WGS84,"{""lat"": 40.507758, ""lon"": -74.860019}",-74.860019,40.507758,1977,7/25/77,lythrum salicaria,https://storage.idigbio.org/wis/aquatic/v0305/v0305251WIS_lg.jpg,invasive,5.17,88.0227,1.368,ML,11/4/25,
81e99300-5a98-43fa-9fe5-0cced0ba621a,united states,usa,WGS84,"{""lat"": 33.025, ""lon"": -108.158}",-108.158,33.025,1995,7/20/95,lythrum salicaria,https://api.idigbio.org/v2/media/c88f67ea04e5da654e6847abacdf0acb,invasive,4.661,128,3.575,ML,11/4/25,
823ae88e-610d-4bc4-af21-caa9fc10c1c0,united states,usa,WGS84,"{""lat"": 44.348221, ""lon"": -89.087814}",-89.087814,44.348221,2008,8/18/08,lythrum salicaria,https://midwestherbaria.org/imglib/storage/uwl/aquatic/UWL0000/UWL0000023_lg.jpg,invasive,4.769,90.0222,5.902,ML,11/4/25,
8294c99e-c18c-4cee-aafa-2136f0d8c4e2,netherlands,nld,WGS84,"{""lat"": 51.962373, ""lon"": 6.805853}",6.805853,51.962373,1921,6/28/21,lythrum salicaria,https://medialib.naturalis.nl/file/id/U.1362233/format/large,native,6.062,36.0009,5.305,ML,11/6/25,
829fe0af-591f-481a-a382-7a7ac7b8fbf4,united states,usa,WGS84,"{""lat"": 40.288047, ""lon"": -75.877086}",-75.877086,40.288047,1940,7/15/40,lythrum salicaria,https://mam.ansp.org/image/PH/Fullsize/00449/PH00449104.jpg,invasive,,,,ML,11/6/26,broken link
82d2ccfa-bbb8-45b9-b68d-f1ca5597886e,united states,usa,WGS84,"{""lat"": 43.671716, ""lon"": -87.718947}",-87.718947,43.671716,1975,9/28/75,lythrum salicaria,https://midwestherbaria.org/imglib/storage/uwm/aquatic/UWM0012/UWM0012404_lg.jpg,invasive,3.833,62.0143,2.834,ML,11/6/25,
8334cdbd-e9f7-4209-b614-3400c0fd5cbc,norway,nor,WGS84,"{""lat"": 59.8357, ""lon"": 10.4451}",10.4451,59.8357,1916,5/20/16,lythrum salicaria,https://www.unimus.no/felles/bilder/web_hent_bilde.php?id=13386981&type=jpeg,native,8.235,118,3.702,ML,11/6/25,
8334ce37-fd9d-4227-9e38-95513a0ae019,united states,usa,WGS84,"{""lat"": 44.17711, ""lon"": -69.11515}",-69.11515,44.17711,1953,8/26/53,lythrum salicaria,https://neherbaria.org/imglib/cnh/UniversityofMaine_MAINE/MAINE00036/MAINE00036768.jpg,invasive,9.914,124,3.384,ML,11/6/25,
8344a01b-35c7-4b1e-8548-0ee91022aad1,united states,usa,WGS84,"{""lat"": 47.654268, ""lon"": -122.297082}",-122.297082,47.654268,1931,8/19/31,lythrum salicaria,https://cch2.org/imglib/cch2/RSA_VascularPlants/RSA0118/RSA0118692_lg.jpg,invasive,4.803,129.0039,3.035,ML,11/6/25,
83558756-8086-4ba2-b71a-e7697adaf2c6,denmark,dnk,WGS84,"{""lat"": 55.931744, ""lon"": 11.632203}",11.632203,55.931744,1969,8/12/69,lythrum salicaria,https://midwestherbaria.org/imglib/seinet/midwest/DEK/DEK00106/DEK00106633_1739447078_lg.jpg,native,8.355,80.0062,3.29,ML,11/6/25,
835bf619-7b03-41c1-8381-f7811f7b59c6,netherlands,nld,WGS84,"{""lat"": 52.023705, ""lon"": 4.869969}",4.869969,52.023705,1952,7/12/52,lythrum salicaria,https://medialib.naturalis.nl/file/id/L.3331115/format/large,native,4.555,36,6.198,ML,11/10/25,slightly high internode length
83e78820-717c-4bda-a3ea-386b41e8390f,united states,usa,WGS84,"{""lat"": 40.661209, ""lon"": -75.376014}",-75.376014,40.661209,1966,7/31/66,lythrum salicaria,http://mam.ansp.org/image/MCA/Fullsize/0041/MCA0041814.jpg,invasive,,,,ML,11/10/25,broken link
8427f070-07b8-43a5-9d9f-14c9a32bfc3f,netherlands,nld,WGS84,"{""lat"": 53.209348, ""lon"": 5.883107}",5.883107,53.209348,1925,7/11/25,lythrum salicaria,https://medialib.naturalis.nl/file/id/L.3331165/format/large,native,5.818,36.3333,4.916,ML,11/10/25,
8496d4d4-03b9-4456-ac8e-170d9ca70efc,united states,usa,WGS84,"{""lat"": 40.616427, ""lon"": -75.204301}",-75.204301,40.616427,1941,7/16/41,lythrum salicaria,https://mam.ansp.org/image/PH/Fullsize/00449/PH00449076.jpg,invasive,,,,ML,11/10/25,broken link
84e14ea4-2bf7-45fc-bd5b-0b68555ebec1,united states,usa,WGS84,"{""lat"": 43.694687, ""lon"": -116.681285}",-116.681285,43.694687,1974,9/14/74,lythrum salicaria,https://www.pnwherbaria.org/images/jpeg.php?Image=ID083792.jpg,invasive,4.694,124.004,1.721,ML,11/10/25,
852a26b9-9a7a-44ed-b4e2-f4d56227d540,netherlands,nld,WGS84,"{""lat"": 51.744953, ""lon"": 5.930203}",5.930203,51.744953,1932,7/13/32,lythrum salicaria,https://medialib.naturalis.nl/file/id/L.3331336/format/large,native,2.163,35.6671,2.668,ML,11/10/25,
856dd2d5-0878-4abf-ae2b-1d04afcb1ae3,netherlands,nld,WGS84,"{""lat"": 51.745264, ""lon"": 5.857806}",5.857806,51.745264,1952,7/26/52,lythrum salicaria,https://medialib.naturalis.nl/file/id/U.1362261/format/large,native,5.896,36.009,4.842,ML,11/12/25,
85996ef8-1722-416f-afe8-c145dd665fe6,united states,usa,WGS84,"{""lat"": 44.30157, ""lon"": -68.91477}",-68.91477,44.30157,1970,8/13/70,lythrum salicaria,https://neherbaria.org/imglib/cnh/UniversityofMaine_MAINE/MAINE00036/MAINE00036782.jpg,invasive,8.483,124.001,4.558,ML,11/12/25,
866c275f-ac9d-44c0-a686-15f374592447,netherlands,nld,WGS84,"{""lat"": 51.790473, ""lon"": 5.785802}",5.785802,51.790473,1897,1897/07/12,lythrum salicaria,https://medialib.naturalis.nl/file/id/L.3331368/format/large,native,8.726,36.1671,4.242,ML,11/12/25,
867091f2-d37f-4300-8247-7c53b0cea6ff,united states,usa,WGS84,"{""lat"": 47.06743, ""lon"": -88.52131}",-88.52131,47.06743,1950,8/18/50,lythrum salicaria,https://quod.lib.umich.edu/cgi/i/image/api/image/herb00ic:1355533:MICH-V-1355533/full/res:0/0/native.jpg,invasive,8.692,119.0042,1.549,ML,11/17/25,
8671bc7e-5265-4d74-a943-95ad307b297b,united states,usa,WGS84,"{""lat"": 40.654819, ""lon"": -75.474627}",-75.474627,40.654819,1973,7/24/73,lythrum salicaria,http://mam.ansp.org/image/MCA/Fullsize/0041/MCA0041827.jpg,invasive,,,,ML,11/17/25,broken link
867f8684-1e7f-46ba-b6df-4244f411c552,netherlands,nld,WGS84,"{""lat"": 51.949753, ""lon"": 4.521714}",4.521714,51.949753,1908,8/14/08,lythrum salicaria,https://medialib.naturalis.nl/file/id/L.3331258/format/large,native,4.881,40.5,3.551,ML,11/17/25,
8692fbc4-e82d-46a8-b006-27a6489e950f,norway,nor,WGS84,"{""lat"": 59.3057, ""lon"": 10.7258}",10.7258,59.3057,2014,6/27/14,lythrum salicaria,https://www.unimus.no/felles/bilder/web_hent_bilde.php?id=14109816&type=jpeg,native,5.292,117.0043,4.193,ML,11/17/25,
86a6d73c-1d84-4b67-bea1-a7e1927ea7de,netherlands,nld,WGS84,"{""lat"": 53.363862, ""lon"": 5.274514}",5.274514,53.363862,1964,9/15/64,lythrum salicaria,https://medialib.naturalis.nl/file/id/L.3331122/format/large,native,2.832,36.7534,3.143,ML,11/17/25,
86f6085d-bd38-4c11-a959-b7faefb57c61,united states,usa,WGS84,"{""lat"": 45.779863, ""lon"": -91.953577}",-91.953577,45.779863,1980,7/25/80,lythrum salicaria,https://midwestherbaria.org/imglib/storage/uwl/aquatic/UWL0000/UWL0000021_lg.jpg,invasive,5.301,91.0055,3.462,ML,11/17/25,
870eb648-a2e7-404c-96e2-3e7ed02e4d3f,united states,usa,WGS84,"{""lat"": 43.61174, ""lon"": -71.1706}",-71.1706,43.61174,1927,6/28/27,lythrum salicaria,https://neherbaria.org/imglib/cnh/UniversityofNewHampshire_NHA/NHA-706/NHA-706843.jpg,invasive,15.649,161.0031,3.499,ML,11/17/25,slightly high leaf area
8751b51d-6fbb-466e-ba50-3033c078e235,norway,nor,WGS84,"{""lat"": 59.7061, ""lon"": 11.7995}",11.7995,59.7061,1948,6/26/48,lythrum salicaria,https://www.unimus.no/felles/bilder/web_hent_bilde.php?id=13444282&type=jpeg,native,1.834,119,2.213,ML,11/17/25,
875d5543-9402-446d-ac2c-39b95115fbb9,norway,nor,WGS84,"{""lat"": 60.3265, ""lon"": 12.0588}",12.0588,60.3265,2001,6/27/01,lythrum salicaria,https://www.unimus.no/felles/bilder/web_hent_bilde.php?id=13413851&type=jpeg,native,4.532,119,4.768,ML,11/17/25,
87860ca0-dc48-44fd-9e34-a28ddbd539a4,united states,usa,WGS84,"{""lat"": 47.088816, ""lon"": -88.515678}",-88.515678,47.088816,1974,8/1/74,lythrum salicaria,https://api.idigbio.org/v2/media/9f43b4b37a563be38eb868d3ee65b916,invasive,5.991,159.0031,5.581,ML,11/17/25,
8814559e-9879-4be9-8696-f2ac68dae3e3,netherlands,nld,WGS84,"{""lat"": 51.696578, ""lon"": 4.33851}",4.33851,51.696578,1973,8/6/73,lythrum salicaria,https://medialib.naturalis.nl/file/id/L.3331116/format/large,native,3.802,36.5004,2.333,ML,11/17/25,
888c6f26-c206-42dc-9d89-ed83e72f593e,netherlands,nld,WGS84,"{""lat"": 52.495, ""lon"": 6.12}",6.12,52.495,2007,7/10/07,lythrum salicaria,https://medialib.naturalis.nl/file/id/WAG.1071128/format/large,native,3.85,43.5029,2.3,ML,11/17/25,
890ec789-90b4-4216-b6b0-5f3fcc312990,united states,usa,WGS84,"{""lat"": 39.865669, ""lon"": -75.233238}",-75.233238,39.865669,1934,10/27/34,lythrum salicaria,https://mam.ansp.org/image/PH/Fullsize/00449/PH00449156.jpg,invasive,,,,ML,11/17/25,broken link
896789fb-626c-4b4c-baf4-4a31bbd3b122,united states,usa,WGS84,"{""lat"": 42.572348, ""lon"": -100.893361}",-100.893361,42.572348,1995,9/13/95,lythrum salicaria,https://ngpherbaria.org/imglib/seinet/ngph/CSCN/CSCN-V-0048/CSCN-V-0048459_lg.jpg,invasive,2.467,101.005,1.014,ML,11/17/25,
89dcd0db-df19-401f-b3d0-ee8d291d8f1f,united states,usa,WGS84,"{""lat"": 41.8442, ""lon"": -73.0056}",-73.0056,41.8442,1910,8/16/10,lythrum salicaria,"https://images.collections.yale.edu/iiif/2/ypm:a4ac0b23-7d45-4d05-a9f7-c8de835d2a1f/full/!1920,1920/0/default.jpg",invasive,,,,ML,11/17/25,no scale on image
89f8d0ec-9311-4bbb-9f48-67abc232d08b,netherlands,nld,WGS84,"{""lat"": 51.921879, ""lon"": 4.405952}",4.405952,51.921879,1943,7/1/43,lythrum salicaria,https://medialib.naturalis.nl/file/id/L.3331339/format/large,native,5.718,37.3348,2.866,ML,11/17/25,
8a391ecb-098d-4ad5-b239-595e18526df9,united states,usa,WGS84,"{""lat"": 42.5944534, ""lon"": -99.2414523}",-99.2414523,42.5944534,2005,7/15/05,lythrum salicaria,https://ngpherbaria.org/imglib/seinet/ngph/CSCN/CSCN-V-0048/CSCN-V-0048467_lg.jpg,invasive,1.2,100.005,1.802,ML,11/17/25,
8ad62623-09b3-424e-9cec-2aa8cf2ced9a,norway,nor,WGS84,"{""lat"": 59.1492, ""lon"": 11.0971}",11.0971,59.1492,1940,6/26/40,lythrum salicaria,https://www.unimus.no/felles/bilder/web_hent_bilde.php?id=13444281&type=jpeg,native,9.938,120.0042,4.204,ML,11/17/25,
8b0be714-a15e-44f8-8e2a-5a1fff072e1a,norway,nor,WGS84,"{""lat"": 59.0431, ""lon"": 10.9608}",10.9608,59.0431,1954,7/18/54,lythrum salicaria,https://www.unimus.no/felles/bilder/web_hent_bilde.php?id=13444278&type=jpeg,native,4.439,118,3.071,ML,11/17/25,
8b662a8b-bd69-43ca-bff8-8183c06a3047,united states,usa,WGS84,"{""lat"": 43.278414, ""lon"": -91.049784}",-91.049784,43.278414,1980,9/1/80,lythrum salicaria,https://midwestherbaria.org/imglib/storage/uwl/aquatic/UWL0000/UWL0000016_lg.jpg,invasive,4.796,92,1.373,ML,11/17/25,
8b9414c0-4f16-4e0b-beaf-a457ee45ba1d,united states,usa,WGS84,"{""lat"": 40.566364, ""lon"": -75.518915}",-75.518915,40.566364,1981,7/21/81,lythrum salicaria,http://mam.ansp.org/image/MCA/Fullsize/0041/MCA0041858.jpg,invasive,,,,ML,11/17/25,broken link
8c0010ea-7504-4013-a5e9-9e5231ca2aaf,united states,usa,WGS84,"{""lat"": 41.957328, ""lon"": -76.515596}",-76.515596,41.957328,1964,8/22/64,lythrum salicaria,http://mam.ansp.org/image/PAC/Fullsize/0051/PAC0051438.jpg,invasive,,,,ML,11/17/25,broken link
8c7fa9db-0ef5-4089-b454-816c743796e7,netherlands,nld,WGS84,"{""lat"": 53.082142, ""lon"": 6.260291}",6.260291,53.082142,1947,7/28/47,lythrum salicaria,https://medialib.naturalis.nl/file/id/L.3331272/format/large,native,5.403,37.0008,2.523,ML,11/17/25,
8d70a8aa-eaa6-467e-a307-983a217ebba6,united states,usa,WGS84,"{""lat"": 42.667194, ""lon"": -90.323}",-90.323,42.667194,1965,8/27/65,lythrum salicaria,https://api.idigbio.org/v2/media/c76959b87fb2e36436cdfd9bfc675e94,invasive,9.353,157.0032,1.193,ML,11/17/25,
8e72d0c3-a1af-4305-93f4-d364c87d8e65,united states,usa,WGS84,"{""lat"": 43.725397, ""lon"": -116.250746}",-116.250746,43.725397,1956,7/25/56,lythrum salicaria,https://www.pnwherbaria.org/images/jpeg.php?Image=IDS0020028.jpg,invasive,9.943,125.004,6.019,ML,11/17/25,
8ea63268-6cd8-4b6d-8151-edda4095177e,united states,usa,WGS84,"{""lat"": 43.779617, ""lon"": -83.928575}",-83.928575,43.779617,1983,8/22/83,lythrum salicaria,https://midwestherbaria.org/imglib/storage/uwl/aquatic/UWL0000/UWL0000056_lg.jpg,invasive,1.698,90.0056,2.078,ML,11/17/25,
8efa8c66-45a1-4f08-95f5-babdaecaefe9,united states,usa,WGS84,"{""lat"": 34.696652, ""lon"": -86.399988}",-86.399988,34.696652,1979,6/22/79,lythrum salicaria,https://sernecportal.org/imglib/seinet/sernec/NCU_VascularPlants/NCU00019/NCU00019166_01.JPG,invasive,5.05,115.0043,6.481,ML,11/17/25,slightly high internode length
8efb12c0-0aa4-47b5-92f4-af756edfe56f,netherlands,nld,WGS84,"{""lat"": 52.37285, ""lon"": 4.616257}",4.616257,52.37285,1912,8/19/12,lythrum salicaria,https://medialib.naturalis.nl/file/id/L.3331370/format/large,native,9.267,36.1671,2.893,ML,11/17/25,
8f07adf9-e870-4f13-bcf3-48d3d409ee42,united states,usa,WGS84,"{""lat"": 40.60861, ""lon"": -75.19675}",-75.19675,40.60861,1957,7/29/57,lythrum salicaria,http://mam.ansp.org/image/MCA/Fullsize/0041/MCA0041803.jpg,invasive,,,,ML,11/17/25,broken link
8f8e68ae-e9e7-42ff-9692-2083f76db954,netherlands,nld,WGS84,"{""lat"": 52.733192, ""lon"": 6.016418}",6.016418,52.733192,1967,8/24/67,lythrum salicaria,https://medialib.naturalis.nl/file/id/L.3331120/format/large,native,3.234,37.0004,4.419,ML,11/17/25,
8fae3e64-a687-4524-9ead-f82d67c32f19,netherlands,nld,WGS84,"{""lat"": 51.83362, ""lon"": 4.625504}",4.625504,51.83362,1884,1884/06/23,lythrum salicaria,https://medialib.naturalis.nl/file/id/L.3332994/format/large,native,4.219,39.5,4.597,ML,11/17/25,
8fb322e1-da9a-44f1-962b-ea13e9a195f4,netherlands,nld,WGS84,"{""lat"": 51.835411, ""lon"": 4.988203}",4.988203,51.835411,1924,8/22/24,lythrum salicaria,https://medialib.naturalis.nl/file/id/L.3332972/format/large,native,3.337,36.0004,2.699,ML,11/17/25,
8fc235b4-0e70-4a31-a8e4-41876accc057,netherlands,nld,WGS84,"{""lat"": 52.232791, ""lon"": 6.74126}",6.74126,52.232791,1898,1898/07/04,lythrum salicaria,https://medialib.naturalis.nl/file/id/L.3331255/format/large,native,11.843,34.5004,5.481,ML,11/17/25,
9054ca6a-c2a1-4f9c-9dc0-4152a2148b96,united states,usa,WGS84,"{""lat"": 45.551049, ""lon"": -122.944344}",-122.944344,45.551049,1982,7/23/82,lythrum salicaria,https://www.pnwherbaria.org/images/jpeg.php?Image=HPSU007021.jpg,invasive,5.874,122.0041,3.577,ML,11/17/25,
906944ad-6f54-4fe7-afce-1015fd85d712,netherlands,nld,WGS84,"{""lat"": 52.300133, ""lon"": 4.500235}",4.500235,52.300133,1969,7/19/69,lythrum salicaria,https://medialib.naturalis.nl/file/id/L.3331132/format/large,native,2.463,35.6671,2.888,ML,11/17/25,
91111470-04e9-4515-b564-b90dac9b1ed7,united states,usa,WGS84,"{""lat"": 40.736762, ""lon"": -75.58336}",-75.58336,40.736762,1957,9/5/57,lythrum salicaria,http://mam.ansp.org/image/MCA/Fullsize/0041/MCA0041820.jpg,invasive,,,,ML,11/17/25,broken link
914d5769-7dca-45ca-b559-c78740ce8d97,united states,usa,WGS84,"{""lat"": 42.25669, ""lon"": -72.57931}",-72.57931,42.25669,1997,8/6/97,lythrum salicaria,https://neherbaria.org/imglib/cnh/WestfieldStateUniversity_WSCH/WSCH002/WSCH002916.jpg,invasive,12.198,130.0154,2.828,ML,11/17/25,
91998683-c6aa-4532-a6b4-6c9430bc6379,netherlands,nld,WGS84,"{""lat"": 52.320227, ""lon"": 4.851848}",4.851848,52.320227,1963,8/15/63,lythrum salicaria,https://medialib.naturalis.nl/file/id/AMD.105794/format/large,native,5.261,40.0003,2.786,ML,11/17/25,
91a003b7-7bbd-4fc7-9b62-bbc9a52904fb,united states,usa,WGS84,"{""lat"": 40.591993, ""lon"": -75.485172}",-75.485172,40.591993,1961,8/7/61,lythrum salicaria,http://mam.ansp.org/image/MCA/Fullsize/0041/MCA0041822.jpg,invasive,,,,ML,11/17/25,broken link
924d686a-1a67-4375-a93c-43e301f47f86,netherlands,nld,WGS84,"{""lat"": 52.105457, ""lon"": 5.13176}",5.13176,52.105457,1948,7/24/48,lythrum salicaria,https://medialib.naturalis.nl/file/id/U.1362278/format/large,native,5.163,36.1667,5.763,ML,11/17/25,
92594ad8-b22d-43bc-bf4f-6e5d01b79787,norway,nor,WGS84,"{""lat"": 59.5501, ""lon"": 11.4936}",11.4936,59.5501,2002,8/8/02,lythrum salicaria,https://www.unimus.no/felles/bilder/web_hent_bilde.php?id=13430389&type=jpeg,native,4.832,119.3352,3.506,ML,11/17/25,
92bd63ed-70e6-4ba7-9a48-9afc34979f28,united states,usa,WGS84,"{""lat"": 39.192958, ""lon"": -86.346859}",-86.346859,39.192958,1993,7/14/93,lythrum salicaria,https://api.idigbio.org/v2/media/f9a966cb454a98252a52cbf97351e8e8,invasive,3.218,157,1.644,ML,11/17/25,
937b833b-c295-4f7e-bd08-0a8519aeb401,united states,usa,WGS84,"{""lat"": 40.718247, ""lon"": -75.507684}",-75.507684,40.718247,1963,8/6/63,lythrum salicaria,http://mam.ansp.org/image/MCA/Fullsize/0041/MCA0041807.jpg,invasive,,,,ML,11/17/25,broken link
93a698ba-893e-4d6e-9e45-a0863c0e60fc,united states,usa,WGS84,"{""lat"": 45.551203, ""lon"": -122.946539}",-122.946539,45.551203,1982,7/23/82,lythrum salicaria,https://www.pnwherbaria.org/images/jpeg.php?Image=HPSU007020.jpg,invasive,2.437,121.0041,2.328,ML,11/17/25,
93fc2ffa-17cc-4390-84fd-87cbede1cd18,norway,nor,WGS84,"{""lat"": 59.7272, ""lon"": 10.8584}",10.8584,59.7272,1907,8/30/07,lythrum salicaria,https://www.unimus.no/felles/bilder/web_hent_bilde.php?id=13386975&type=jpeg,native,12.697,118.0042,5.221,ML,11/17/25,
9441dd75-5766-4ce8-aeb6-7590cfe4b832,netherlands,nld,WGS84,"{""lat"": 52.058757, ""lon"": 4.694586}",4.694586,52.058757,1934,8/12/34,lythrum salicaria,https://medialib.naturalis.nl/file/id/L.3331199/format/large,native,9.945,35.8337,4.4,ML,11/17/25,
944a5c69-7a7e-4452-a0e2-77907f6c9875,united states,usa,WGS84,"{""lat"": 41.30182, ""lon"": -74.829675}",-74.829675,41.30182,1938,7/27/38,lythrum salicaria,https://mam.ansp.org/image/PH/Fullsize/00449/PH00449123.jpg,invasive,,,,ML,11/17/25,broken link
948c10c8-511a-44ee-a7b7-0b5b417f0445,norway,nor,WGS84,"{""lat"": 59.1061, ""lon"": 9.5587}",9.5587,59.1061,1888,1888/07/28,lythrum salicaria,https://www.unimus.no/felles/bilder/web_hent_bilde.php?id=13445809&type=jpeg,native,5.922,118,4.379,ML,11/17/25,
94a920fc-6c49-43b1-99c2-7e0345f50b90,netherlands,nld,WGS84,"{""lat"": 52.504678, ""lon"": 6.52866}",6.52866,52.504678,1977,8/14/77,lythrum salicaria,https://medialib.naturalis.nl/file/id/L.3331126/format/large,native,11.027,36.3337,4.285,ML,11/17/25,
94b71a92-f757-47de-9d20-7c3754951cf1,netherlands,nld,WGS84,"{""lat"": 52.1041, ""lon"": 4.766865}",4.766865,52.1041,1941,9/4/41,lythrum salicaria,https://medialib.naturalis.nl/file/id/L.3331290/format/large,native,3.084,35.8349,2.633,ML,11/17/25,
95003e1d-bfec-450a-b107-387c46200f92,united states,usa,WGS84,"{""lat"": 47.613617, ""lon"": -122.310098}",-122.310098,47.613617,1933,10/11/33,lythrum salicaria,https://www.pnwherbaria.org/images/jpeg.php?Image=WTU-V-022158.jpg,invasive,4.984,124,2.792,ML,11/17/25,
955b5b82-badb-414f-b9f3-4d39e7a930eb,norway,nor,WGS84,"{""lat"": 59.4371, ""lon"": 11.3098}",11.3098,59.4371,1926,7/30/26,lythrum salicaria,https://www.unimus.no/felles/bilder/web_hent_bilde.php?id=13419425&type=jpeg,native,5.717,118.5011,1.693,ML,11/17/25,
957ab8f8-d430-4a5b-81c6-cbbda093c3d5,united states,usa,WGS84,"{""lat"": 42.13819, ""lon"": -72.75611}",-72.75611,42.13819,1999,6/26/99,lythrum salicaria,https://neherbaria.org/imglib/cnh/WestfieldStateUniversity_WSCH/WSCH002/WSCH002912.jpg,invasive ,9.185,120,4.42,JB,10/28/25,the internode for this specific flower was challenging to tell. So I skipped it. 
959b0fd3-bf22-436c-9b37-536515ce6bd5,norway,nor,WGS84,"{""lat"": 59.1075, ""lon"": 5.5943}",5.5943,59.1075,1982,7/29/82,lythrum salicaria,https://www.unimus.no/felles/bilder/web_hent_bilde.php?id=13445817&type=jpeg,native,4.2,156,3.99,JB,10/28/25,
95dc2e92-e8a0-4dcb-866d-6a3029d97a1d,sweden,swe,WGS84,"{""lat"": 57.0956, ""lon"": 16.884}",16.884,57.0956,2011,7/8/11,lythrum salicaria,https://www.unimus.no/felles/bilder/web_hent_bilde.php?id=14116687&type=jpeg,native,5.1,111,1.778,JB,10/28/25,
96453641-450a-4f50-b7ff-3c3a5f91640a,norway,nor,WGS84,"{""lat"": 59.4925, ""lon"": 10.6856}",10.6856,59.4925,1926,7/19/26,lythrum salicaria,https://www.unimus.no/felles/bilder/web_hent_bilde.php?id=13386967&type=jpeg,native,8.13,117,2.96,JB,10/28/25,
967686c6-0a3a-43f8-af4b-e2558e354c2b,united states,usa,WGS84,"{""lat"": 44.17711, ""lon"": -69.11515}",-69.11515,44.17711,1958,8/18/58,lythrum salicaria,https://neherbaria.org/imglib/cnh/UniversityofMaine_MAINE/MAINE00036/MAINE00036769.jpg,invasive ,1.05,120,3.71,JB,11/4/25,
96ad08a9-e0a9-44ee-9e62-876f84705f08,netherlands,nld,WGS84,"{""lat"": 51.922463, ""lon"": 4.478627}",4.478627,51.922463,1902,8/1/02,lythrum salicaria,https://medialib.naturalis.nl/file/id/L.3331143/format/large,native,5.59,35,4.45,JB,11/4/25,
97216f60-432a-4e50-9f53-d98fccbbdd44,netherlands,nld,WGS84,"{""lat"": 52.105276, ""lon"": 5.058779}",5.058779,52.105276,1859,1859/07/01,lythrum salicaria,https://medialib.naturalis.nl/file/id/L.3331062/format/large,native,10.9,34.5,3.808,JB,11/4/25,
978b7e4d-8027-4834-9124-a93e34f8e039,norway,nor,WGS84,"{""lat"": 59.761, ""lon"": 10.2906}",10.2906,59.761,2015,8/6/15,lythrum salicaria,https://www.unimus.no/felles/bilder/web_hent_bilde.php?id=14997702&type=jpeg,native,12.11,116,4.86,JB,11/4/25,
980280ec-246f-49d5-819f-811091abbb41,united states,usa,WGS84,"{""lat"": 46.690639, ""lon"": -92.085541}",-92.085541,46.690639,1994,7/26/94,lythrum salicaria,https://midwestherbaria.org/imglib/storage/uwl/aquatic/UWL0000/UWL0000035_lg.jpg,invasive,4.11,90,1.54,JB,11/4/25,
9831c424-b790-4447-84bf-e76b8aeb9a76,united states,usa,WGS84,"{""lat"": 43.11967, ""lon"": -71.00687}",-71.00687,43.11967,1937,9/8/37,lythrum salicaria,https://neherbaria.org/imglib/cnh/UniversityofNewHampshire_NHA/NHA-558/NHA-558937.jpg,invasive,2.01,114,1.9,JB,11/4/25,
987eee9a-5147-4280-8c17-f8d71164fdc5,united states,usa,WGS84,"{""lat"": 44.39702, ""lon"": -71.46473}",-71.46473,44.39702,1979,8/11/79,lythrum salicaria,https://neherbaria.org/imglib/cnh/UniversityofNewHampshire_NHA/NHA-706/NHA-706842.jpg,invasive,18.31,147,3.918,JB,11/4/25,
989e631f-4ff0-41d6-aa44-f7d0ce8f42db,netherlands,nld,WGS84,"{""lat"": 51.946797, ""lon"": 4.539842}",4.539842,51.946797,2011,9/2/11,lythrum salicaria,https://medialib.naturalis.nl/file/id/WAG.1071132/format/large,native ,15.17,42.25,4.29,JB,11/4/25,slightly high leaf area
98a65f35-3acc-485b-98ff-fad8f28be748,poland,pol,WGS84,"{""lat"": 50.716667, ""lon"": 19.1}",19.1,50.716667,2008,7/9/08,lythrum salicaria,https://midwestherbaria.org/imglib/seinet/midwest/DEK/DEK00106/DEK00106635_1739449883_lg.jpg,native ,8.16,74.1,5.53,JB,11/4/25,
98bc90c8-9b05-48ba-bab6-6422a4b967a7,united states,usa,WGS84,"{""lat"": 45.37241, ""lon"": -68.2909}",-68.2909,45.37241,1937,7/19/37,lythrum salicaria,https://neherbaria.org/imglib/cnh/UniversityofMaine_MAINE/MAINE00036/MAINE00036758.jpg,invasive,6.06,125,1.006,JB,11/4/25,
99117c91-62e0-43ad-aa17-d75241e1e71a,norway,nor,WGS84,"{""lat"": 59.1734, ""lon"": 11.0541}",11.0541,59.1734,1966,8/11/66,lythrum salicaria,https://www.unimus.no/felles/bilder/web_hent_bilde.php?id=13434256&type=jpeg,native ,6.66,120,2.04,JB,11/4/25,
9953f3f1-2ca6-4e74-abdc-b06150ba303c,netherlands,nld,WGS84,"{""lat"": 51.964035, ""lon"": 6.660391}",6.660391,51.964035,1873,1873/08/24,lythrum salicaria,https://medialib.naturalis.nl/file/id/L.3332950/format/large,native ,2.209,36,1.961,JB,11/4/25,
99668e5a-9f90-4b6b-a9e8-494fb192ed4a,netherlands,nld,WGS84,"{""lat"": 51.961585, ""lon"": 5.670919}",5.670919,51.961585,1963,7/20/63,lythrum salicaria,https://medialib.naturalis.nl/file/id/WAG.1071135/format/large,native ,6.041,39,2.56,JB,11/4/25,
99b6c716-15ac-471a-990a-ed4f11fc23a7,norway,nor,WGS84,"{""lat"": 59.8667, ""lon"": 10.4822}",10.4822,59.8667,1929,8/6/29,lythrum salicaria,https://www.unimus.no/felles/bilder/web_hent_bilde.php?id=13386971&type=jpeg,native ,7.28,125,3.008,JB,11/4/25,
9a96f3c9-f9b5-47fd-9ad4-9cb0acde859a,united states,usa,WGS84,"{""lat"": 48.005, ""lon"": -122.175556}",-122.175556,48.005,2005,7/29/05,lythrum salicaria,https://www.pnwherbaria.org/images/jpeg.php?Image=WTU-V-022129.jpg,invasive ,17.1,126,3.78,JB,11/4/25,very high leaf area
9b3f3763-6491-410b-94f9-e3cdfa854325,united states,usa,WGS84,"{""lat"": 43.725397, ""lon"": -116.250746}",-116.250746,43.725397,1956,10/13/56,lythrum salicaria,https://www.pnwherbaria.org/images/jpeg.php?Image=IDS0020027.jpg,invasive ,7.5,124,3.028,JB,11/4/25,
9b42c28c-cf11-48ce-890c-03fe6eecec77,norway,nor,WGS84,"{""lat"": 60.0023, ""lon"": 10.7752}",10.7752,60.0023,1934,8/24/34,lythrum salicaria,https://www.unimus.no/felles/bilder/web_hent_bilde.php?id=13387079&type=jpeg,native ,7.4,116,4.1,JB,11/4/25,
9b7500b7-fd9a-44a3-bae4-51b232b99ab6,netherlands,nld,WGS84,"{""lat"": 52.285212, ""lon"": 5.130726}",5.130726,52.285212,1861,1861/08/13,lythrum salicaria,https://medialib.naturalis.nl/file/id/U.1362268/format/large,native ,10.6,35.25,5.7,JB,11/4/25,
9b9b44a9-2bfa-4625-b7a3-12c1cb28fc96,norway,nor,WGS84,"{""lat"": 58.6947, ""lon"": 9.0311}",9.0311,58.6947,2006,8/11/06,lythrum salicaria,https://www.unimus.no/felles/bilder/web_hent_bilde.php?id=13450603&type=jpeg,invasive ,5.16,118,2.543,JB,11/4/25,
9ba43d61-6cce-4f16-94e9-8b3f3b2e1aec,united states,usa,WGS84,"{""lat"": 41.217982, ""lon"": -74.858032}",-74.858032,41.217982,1930,8/30/30,lythrum salicaria,http://mam.ansp.org/image/CM/Fullsize/178/CM178999.jpg,invasive ,,,,JB,11/4/25,broken link
9c2c11e1-1201-416a-8529-ac18e5099c42,united states,usa,WGS84,"{""lat"": 39.985775, ""lon"": -75.076934}",-75.076934,39.985775,1935,9/24/35,lythrum salicaria,https://mam.ansp.org/image/PH/Fullsize/00449/PH00449176.jpg,invasive ,,,,JB,11/4/25,broken link
9c364ca4-ce91-4f47-9e19-e1b10c7f0b0e,netherlands,nld,WGS84,"{""lat"": 52.148177, ""lon"": 4.620145}",4.620145,52.148177,1957,7/1/57,lythrum salicaria,https://medialib.naturalis.nl/file/id/L.3331123/format/large,native ,4.38,37,2.57,JB,11/4/25,
9c601d32-eeb6-448c-832e-96e6ea119db5,netherlands,nld,WGS84,"{""lat"": 51.827579, ""lon"": 3.972787}",3.972787,51.827579,1959,9/29/59,lythrum salicaria,https://medialib.naturalis.nl/file/id/L.3331173/format/large,native ,3.48,36,3.057,JB,11/4/25,
9c67938b-26a5-4844-8d58-1c8642c9897c,united states,usa,WGS84,"{""lat"": 46.68672, ""lon"": -67.98735}",-67.98735,46.68672,1996,8/23/96,lythrum salicaria,https://neherbaria.org/imglib/cnh/UniversityofMaine_MAINE/MAINE00036/MAINE00036790.jpg,invasive ,3.099,112,1.33,JB,11/4/25,
9cccf894-3843-4ebe-95ef-f227eb3a2099,netherlands,nld,WGS84,"{""lat"": 53.150852, ""lon"": 6.620465}",6.620465,53.150852,1959,6/23/59,lythrum salicaria,https://medialib.naturalis.nl/file/id/L.3708580/format/large,native ,1.02,36,1.97,JB,11/4/25,
9d32fa8f-c635-4502-87e2-a10ab0ecc061,united states,usa,WGS84,"{""lat"": 41.297512, ""lon"": -82.509016}",-82.509016,41.297512,1974,7/10/74,lythrum salicaria,https://storage.idigbio.org/wis/aquatic/v0305/v0305259WIS_lg.jpg,invasive ,8.75,91,1.92,JB,11/4/25,
9d365df5-e891-4e86-ab51-ebc1dc53a804,norway,nor,WGS84,"{""lat"": 59.8893, ""lon"": 10.8317}",10.8317,59.8893,1893,1893/08/14,lythrum salicaria,https://www.unimus.no/felles/bilder/web_hent_bilde.php?id=13387087&type=jpeg,native ,5.008,120,3.1,JB,11/4/25,
9d43480b-d6e0-4361-a542-6ff06d752c60,united states,usa,WGS84,"{""lat"": 41.1005, ""lon"": -73.55422}",-73.55422,41.1005,1979,8/2/79,lythrum salicaria,https://neherbaria.org/imglib/cnh/BartlettArboretum_BART/BART-00/BART-00969.jpg,invasive ,3.348,145,2.237,JB,11/4/25,
9d6c746f-d9d5-4918-8f37-63fa48566cee,netherlands,nld,WGS84,"{""lat"": 51.327412, ""lon"": 3.557755}",3.557755,51.327412,1961,7/24/61,lythrum salicaria,https://medialib.naturalis.nl/file/id/U.1362266/format/large,native ,6.47,36.25,3.048,JB,11/4/25,
9dddc6be-8b6b-430d-90e1-60d24da2bad7,united states,usa,WGS84,"{""lat"": 43.555616, ""lon"": -73.363749}",-73.363749,43.555616,1951,7/20/51,lythrum salicaria,http://mam.ansp.org/image/CM/Fullsize/178/CM178994.jpg,invasive ,,,,JB,11/4/25,broken link
9e12735d-0f28-48d6-bc46-a745bedd94f8,united states,usa,WGS84,"{""lat"": 41.246, ""lon"": -75.8901}",-75.8901,41.246,2017,7/26/17,lythrum salicaria,http://mam.ansp.org/image/CM/Fullsize/543/CM543014.jpg,invasive ,,,,JB,11/4/25,broken link
9e6e15ab-1e0e-4e17-926d-8f684627bc66,united states,usa,WGS84,"{""lat"": 40.25708, ""lon"": -75.266939}",-75.266939,40.25708,1947,8/10/47,lythrum salicaria,https://mam.ansp.org/image/PH/Fullsize/00449/PH00449139.jpg,invasive ,,,,JB,11/4/25,broken link
9e707d4d-88f3-430c-9f8c-2b4fb93462ff,united states,usa,WGS84,"{""lat"": 41.3937, ""lon"": -72.7912}",-72.7912,41.3937,1976,8/2/76,lythrum salicaria,"https://images.collections.yale.edu/iiif/2/ypm:7a5f3342-7a79-43db-a9f3-5a0892f3264f/full/!1920,1920/0/default.jpg",invasive ,2.85,47.5,1.25,JB,11/4/25,
9eb05587-5ca7-4bee-b4fb-0a67df39313a,united states,usa,WGS84,"{""lat"": 45.902147, ""lon"": -89.811703}",-89.811703,45.902147,2009,7/15/09,lythrum salicaria,https://midwestherbaria.org/imglib/storage/portals/seinet/midwest/UWSP/UWSP-V-0010/78027c6ad7af19aff3d6d21aeb6c1c_1527786588_lg.jpg,invasive ,5.085,85,3.078,JB,11/4/25,
9edc86f1-b8f8-47ac-b202-3d7b17d58f4d,netherlands,nld,WGS84,"{""lat"": 52.146789, ""lon"": 4.430234}",4.430234,52.146789,1941,7/15/41,lythrum salicaria,https://medialib.naturalis.nl/file/id/L.3331219/format/large,native ,17.3,35.7,3.1,JB,11/4/25,very high leaf area
9ffc4a31-04ef-4350-8165-e02b4feafc14,united states,usa,WGS84,"{""lat"": 44.14829, ""lon"": -68.85754}",-68.85754,44.14829,1934,7/27/34,lythrum salicaria,https://neherbaria.org/imglib/cnh/UniversityofNewHampshire_NHA/NHA-706/NHA-706833.jpg,invasive ,11.99,168,1.5,JB,11/4/25,
a0297b1a-d10c-414e-a98f-cf5730692c7f,netherlands,nld,WGS84,"{""lat"": 52.869193, ""lon"": 5.72135}",5.72135,52.869193,1959,8/18/59,lythrum salicaria,https://medialib.naturalis.nl/file/id/U.1362236/format/large,native ,6.8,36,4.4,JB,11/4/25,
a0397db5-7495-4920-8bcc-f1fb148179b5,norway,nor,WGS84,"{""lat"": 59.6886, ""lon"": 10.7319}",10.7319,59.6886,1927,7/30/27,lythrum salicaria,https://www.unimus.no/felles/bilder/web_hent_bilde.php?id=13387386&type=jpeg,native ,15.9,118,4.1,JB,11/4/25,
a09ddc10-67d6-457a-a42d-8f5958d0a7b8,united states,usa,WGS84,"{""lat"": 41.338851, ""lon"": -70.80876}",-70.80876,41.338851,1924,8/28/24,lythrum salicaria,http://mam.ansp.org/image/CHRB/Fullsize/0019/CHRB0019759.jpg,invasive ,,,,JB,11/4/25,broken link
a0ba3ff1-f99e-4770-be3a-145520a2bba8,netherlands,nld,WGS84,"{""lat"": 52.419616, ""lon"": 5.791445}",5.791445,52.419616,1957,9/4/57,lythrum salicaria,https://medialib.naturalis.nl/file/id/L.3331125/format/large,native ,7.69,37.3,4.05,JB,11/4/25,
a0c3027a-3674-4889-bbf7-037db0ba2908,united states,usa,WGS84,"{""lat"": 43.17479, ""lon"": -70.94086}",-70.94086,43.17479,1937,9/25/37,lythrum salicaria,https://neherbaria.org/imglib/cnh/UniversityofNewHampshire_NHA/NHA-706/NHA-706860.jpg,invasive ,3.33,159,8.7,JB,11/4/25,higher than other inteernode values
a1583169-14fc-4222-a0c7-c5b6e5e05612,netherlands,nld,WGS84,"{""lat"": 52.015849, ""lon"": 5.423617}",5.423617,52.015849,1968,7/21/68,lythrum salicaria,https://medialib.naturalis.nl/file/id/L.3331230/format/large,native ,4.2,35.5,2.01,JB,11/4/25,
a1b5eb46-e032-42ac-9082-277f61780495,united states,usa,WGS84,"{""lat"": 45.4788, ""lon"": -89.754018}",-89.754018,45.4788,2013,7/22/13,lythrum salicaria,https://midwestherbaria.org/imglib/storage/portals/seinet/midwest/UWSP/UWSP-V-0010/a1a4da11f8c02afb665152ef4343bb_1527784550_lg.jpg,invasive ,1.75,84,3.3,JB,11/4/25,
a1ea586e-8578-414e-aec9-449c2da4047f,netherlands,nld,WGS84,"{""lat"": 52.733561, ""lon"": 5.942395}",5.942395,52.733561,1903,8/23/03,lythrum salicaria,https://medialib.naturalis.nl/file/id/L.3332939/format/large,native ,3.96,36,2.689,JB,11/4/25,
a1f19334-e99a-4044-abd5-d718afcf157c,united states,usa,WGS84,"{""lat"": 40.848367, ""lon"": -75.113093}",-75.113093,40.848367,1954,7/16/54,lythrum salicaria,http://mam.ansp.org/image/MCA/Fullsize/0041/MCA0041816.jpg,invasive ,,,,JB,11/4/25,link doesn’t work
a2138c5d-caeb-436b-a34e-c1564979e434,norway,nor,WGS84,"{""lat"": 58.1469, ""lon"": 7.9977}",7.9977,58.1469,1872,1872/05/20,lythrum salicaria,https://www.unimus.no/felles/bilder/web_hent_bilde.php?id=13386552&type=jpeg,native ,7.672,121,4.53,JB,11/4/25,
a24c1a1a-978a-4624-9d2a-4479018e65a2,united states,usa,WGS84,"{""lat"": 41.259684, ""lon"": -86.781371}",-86.781371,41.259684,1997,7/6/97,lythrum salicaria,https://midwestherbaria.org/imglib/seinet/midwest/LUC/LUC00/LUC00664.jpg,invasive,9.1,132,2.56,JB,11/4/25,
a2c5b9a9-c3c2-4cc2-939b-46990668fba2,united states,usa,WGS84,"{""lat"": 45.7094, ""lon"": -121.78011}",-121.78011,45.7094,2018,9/12/18,lythrum salicaria,https://www.pnwherbaria.org/images/jpeg.php?Image=WTU-V-044386.jpg,invasive,5.083,126,2.187,JB,11/4/25,
a2da79c0-caf5-4b54-aa78-f17501be61e4,united states,usa,WGS84,"{""lat"": 41.290094, ""lon"": -73.920416}",-73.920416,41.290094,1930,8/2/30,lythrum salicaria,https://img.cyverse.org/resize?width=4000&url=https://data.cyverse.org/dav-anon/iplant/projects/magnoliagrandiFLORA/images/specimens/USMS_000012459/USMS_000012459.jpg,invasive,2.65,83,2.77,JB,11/4/25,
a2df4fbd-57dc-47d4-9e7f-c0b6f09644e5,netherlands,nld,WGS84,"{""lat"": 51.937068, ""lon"": 4.114772}",4.114772,51.937068,1955,8/12/55,lythrum salicaria,https://medialib.naturalis.nl/file/id/L.3331117/format/large,native ,6.195,36.66,3.829,JB,11/4/25,
a31a4e54-10cd-4eb3-bb39-32a137cdf7c0,united states,usa,WGS84,"{""lat"": 41.58006, ""lon"": -73.49918}",-73.49918,41.58006,1992,9/18/92,lythrum salicaria,https://neherbaria.org/imglib/cnh/WesternConnecticutStateUniversity_WCSU/WCSU-02/WCSU-02610.jpg,invasive,4.148,145,2.06,JB,11/4/25,
a3879b15-db85-4f8c-892d-d69210567d89,netherlands,nld,WGS84,"{""lat"": 51.789893, ""lon"": 5.930742}",5.930742,51.789893,1902,8/1/02,lythrum salicaria,https://medialib.naturalis.nl/file/id/L.3332951/format/large,native ,3.74,37,1.8,JB,11/4/25,
a3a09b5b-2426-4e03-b2ca-90a41e6f7841,united states,usa,WGS84,"{""lat"": 40.398172, ""lon"": -75.610872}",-75.610872,40.398172,1955,7/8/55,lythrum salicaria,https://mam.ansp.org/image/PH/Fullsize/00449/PH00449111.jpg,invasive ,,,,JB,11/4/25, link doesn’t work
a3f482ae-9e7c-4a26-a5c4-337dc26856ea,norway,nor,WGS84,"{""lat"": 58.0859, ""lon"": 6.7443}",6.7443,58.0859,1916,8/6/16,lythrum salicaria,https://www.unimus.no/felles/bilder/web_hent_bilde.php?id=13386557&type=jpeg,native ,4.3,116,1.21,JB,11/4/25,
a4c0f909-b5e9-46b6-a928-5cf227490d31,united states,usa,WGS84,"{""lat"": 38.647288, ""lon"": -83.76034}",-83.76034,38.647288,1986,7/29/86,lythrum salicaria,https://sernecportal.org/imglib/seinet/sernec/NCU_VascularPlants/NCU00116/NCU00116785_01.JPG,invasive ,2.73,121,2.212,JB,11/4/25,
a4f43cb0-8585-47b8-8013-ced0f3865dd2,norway,nor,WGS84,"{""lat"": 59.6909, ""lon"": 11.0385}",11.0385,59.6909,2007,7/22/07,lythrum salicaria,https://www.unimus.no/felles/bilder/web_hent_bilde.php?id=13440790&type=jpeg,native ,4.04,116,4.413,JB,11/4/25,
a583d69b-04a2-43c0-b9d9-242381574866,united states,usa,WGS84,"{""lat"": 47.102228, ""lon"": -94.589687}",-94.589687,47.102228,1989,7/15/89,lythrum salicaria,https://s3.msi.umn.edu/mbaenrms3fs/images/MIN_Plants/01408/1408053_lg.jpg,invasive ,,,,JB,11/4/25,link doesn’t work
a5c4775c-a175-4843-a80f-89e2060ca10b,norway,nor,WGS84,"{""lat"": 59.6734, ""lon"": 5.9457}",5.9457,59.6734,1860,1860/08/10,lythrum salicaria,https://www.unimus.no/felles/bilder/web_hent_bilde.php?id=13445831&type=jpeg,native ,6.19,120,2.33,JB,11/4/25,
a632e5b0-7a26-444f-9078-f61ee7d698ec,netherlands,nld,WGS84,"{""lat"": 52.104779, ""lon"": 4.912819}",4.912819,52.104779,1940,1/1/40,lythrum salicaria,https://medialib.naturalis.nl/file/id/L.4231821/format/large,native ,4.769,36.7,2.56,JB,11/4/25,
a647884e-aa9e-443e-943b-b552629cb325,norway,nor,WGS84,"{""lat"": 58.8795, ""lon"": 11.5354}",11.5354,58.8795,1953,7/9/53,lythrum salicaria,https://www.unimus.no/felles/bilder/web_hent_bilde.php?id=13444279&type=jpeg,native,9.09,117,4.015,JB,11/4/25,
a6ae9dd2-daa4-4106-a7db-43cb611d7456,netherlands,nld,WGS84,"{""lat"": 53.072938, ""lon"": 4.763288}",4.763288,53.072938,1902,8/5/02,lythrum salicaria,https://medialib.naturalis.nl/file/id/L.3331093/format/large,native,2.445,36.7,2.26,JB,11/4/25,
a6b1fce1-2763-4727-9af0-9fcedbab8b5e,netherlands,nld,WGS84,"{""lat"": 51.834068, ""lon"": 4.698041}",4.698041,51.834068,1921,7/1/21,lythrum salicaria,https://medialib.naturalis.nl/file/id/L.3331240/format/large,native,3.597,36,1.119,JB,11/4/25,
a6c3669a-e4f3-4d7f-a035-35a6ccf675aa,united states,usa,WGS84,"{""lat"": 41.20694, ""lon"": -73.43989}",-73.43989,41.20694,1985,7/29/85,lythrum salicaria,https://neherbaria.org/imglib/cnh/WiltonGardenClub_WGCH/WGCH-00000/WGCH-00000630.jpg,invasive,1.101,127,1.6,JB,11/4/25,
a70f3f9d-05a7-4cd9-b6a6-84bebc54a861,netherlands,nld,WGS84,"{""lat"": 51.430665, ""lon"": 4.91984}",4.91984,51.430665,1970,8/3/70,lythrum salicaria,https://medialib.naturalis.nl/file/id/L.3331121/format/large,invasive,5.844,37,2.157,JB,11/4/25,
a7462b2f-1ca5-48f1-8e4f-f0fa5e4b8f9a,netherlands,nld,WGS84,"{""lat"": 52.102202, ""lon"": 4.474977}",4.474977,52.102202,1938,7/10/38,lythrum salicaria,https://medialib.naturalis.nl/file/id/L.3331289/format/large,invasive,11.8,35.6,3.969,JB,11/4/25,
a77a8524-2280-466d-986e-73aa6c317e2e,united states,usa,WGS84,"{""lat"": 44.87592, ""lon"": -69.11138}",-69.11138,44.87592,1941,7/11/41,lythrum salicaria,https://neherbaria.org/imglib/cnh/UniversityofMaine_MAINE/MAINE00036/MAINE00036760.jpg,invasive,4.48,125,1.84,JB,11/4/25,
a77c5ad2-4862-42d4-8243-5c774aa3c672,united states,usa,WGS84,"{""lat"": 34.454, ""lon"": -119.6573}",-119.6573,34.454,1928,8/10/28,lythrum salicaria,https://cch2.org/imglib/cch2/SBBG/SBBG217/SBBG217911_lg.JPG,invasive,5.02,129,2.766,JB,11/4/25,
a7a15eb8-d582-405d-921c-1706beb7652c,netherlands,nld,WGS84,"{""lat"": 52.150396, ""lon"": 5.131503}",5.131503,52.150396,1935,7/22/35,lythrum salicaria,https://medialib.naturalis.nl/file/id/L.3331060/format/large,native,6.51,36,2.68,JB,11/4/25,
a7a33f3c-70d7-47d1-8ae8-d6fade6f28de,norway,nor,WGS84,"{""lat"": 59.8585, ""lon"": 10.4193}",10.4193,59.8585,1935,8/5/35,lythrum salicaria,https://www.unimus.no/felles/bilder/web_hent_bilde.php?id=13386982&type=jpeg,native,3.9,119,4.013,JB,11/4/25,
a7b91332-41c0-46d8-8606-85845e037c1f,netherlands,nld,WGS84,"{""lat"": 52.579823, ""lon"": 4.65689}",4.65689,52.579823,1936,8/11/36,lythrum salicaria,https://medialib.naturalis.nl/file/id/L.3331137/format/large,native,2.9,36.25,2.75,JB,11/4/25,
a7baf5e0-5414-4d33-8169-e05355434e69,united states,usa,WGS84,"{""lat"": 39.559399, ""lon"": -104.925651}",-104.925651,39.559399,1956,7/8/56,lythrum salicaria,https://cch2.org/imglib/cch2/RSA_VascularPlants/RSA0118/RSA0118653_lg.jpg,invasive,3.08,131,1.9,JB,11/4/25,
a7c66d92-fe71-4c41-b655-7e6f30f885a6,netherlands,nld,WGS84,"{""lat"": 52.338331, ""lon"": 4.880976}",4.880976,52.338331,1963,7/9/63,lythrum salicaria,https://medialib.naturalis.nl/file/id/AMD.105792/format/large,native,13.8,39.3,6.08,JB,11/4/25,slightly high internode value
a7f5ee10-48dc-42e3-8259-d263fa9bd430,united states,usa,WGS84,"{""lat"": 40.43883, ""lon"": -78.343374}",-78.343374,40.43883,1981,7/10/81,lythrum salicaria,http://mam.ansp.org/image/PAC/Fullsize/0051/PAC0051434.jpg,invasive,,,,JB,11/4/25,broken link
a837fc21-e7ee-4116-bc07-d223e1f3ed39,netherlands,nld,WGS84,"{""lat"": 52.455168, ""lon"": 5.894754}",5.894754,52.455168,1833,1833/07/03,lythrum salicaria,https://medialib.naturalis.nl/file/id/L.3331061/format/large,invasive,9.9,36,2.97,JB,11/4/25,
a86997ab-f872-4940-ac4f-f09f6a942a68,netherlands,nld,WGS84,"{""lat"": 52.808333, ""lon"": 5.934167}",5.934167,52.808333,2011,8/27/11,lythrum salicaria,https://medialib.naturalis.nl/file/id/L.2073750/format/large,native ,3.83,36,2.208,JB,11/4/25,
a8a0bca9-2ff9-4958-80a4-711db438d748,norway,nor,WGS84,"{""lat"": 58.5596, ""lon"": 9.0254}",9.0254,58.5596,1976,7/3/76,lythrum salicaria,https://www.unimus.no/felles/bilder/web_hent_bilde.php?id=13386537&type=jpeg,native ,3.974,118,1.8,ED,11/4/25,
a8a95fb6-00d1-49a0-b66a-4b1352e838f0,united states,usa,WGS84,"{""lat"": 41.415289, ""lon"": -82.831244}",-82.831244,41.415289,1959,8/8/59,lythrum salicaria,https://swbiodiversity.org/imglib/h_seinet/seinet/ASU/ASU0112/ASU0112983_lg.jpg,invasive,0.358,114,0.748,ED,11/4/25,"lower internode value than others, low leaf area"
a98a2f96-8e3a-4832-8f40-4409fc4f9ea2,netherlands,nld,WGS84,"{""lat"": 53.180789, ""lon"": 5.93841}",5.93841,53.180789,1948,8/12/48,lythrum salicaria,https://medialib.naturalis.nl/file/id/L.3331231/format/large,native ,5.058,36.3,2.19,ED,11/4/25,
aa6a14d6-610f-4892-afef-d14b8aed5e4b,united states,usa,WGS84,"{""lat"": 42.655782, ""lon"": -86.205416}",-86.205416,42.655782,1898,1898/07/27,lythrum salicaria,https://storage.idigbio.org/wis/aquatic/v0305/v0305291WIS_lg.jpg,invasive ,1.735,87,3.086,ED,11/4/25,
aa80b7df-9bad-42d2-92f8-1f68965d3ddd,netherlands,nld,WGS84,"{""lat"": 52.015578, ""lon"": 5.132273}",5.132273,52.015578,1948,8/15/48,lythrum salicaria,https://medialib.naturalis.nl/file/id/U.1362260/format/large,native ,3.456,35.66,1.687,ED,11/4/25,
aa9bed07-c9b1-4c79-a35d-951c4d145b3f,netherlands,nld,WGS84,"{""lat"": 51.813409, ""lon"": 4.335799}",4.335799,51.813409,1971,8/12/71,lythrum salicaria,https://medialib.naturalis.nl/file/id/L.3331347/format/large,native ,6.74,36.5,4.782,ED,11/4/25,
ab21aeb3-4edd-4432-8a2f-ff011d833fd0,netherlands,nld,WGS84,"{""lat"": 52.237548, ""lon"": 4.545404}",4.545404,52.237548,1944,7/21/44,lythrum salicaria,https://medialib.naturalis.nl/file/id/L.3331196/format/large,native ,4.745,36,2.76,ED,11/4/25,
ab3a5289-af2c-4d1c-a88f-787fb4105a85,united states,usa,WGS84,"{""lat"": 40.562844, ""lon"": -75.161714}",-75.161714,40.562844,1896,1896/09/05,lythrum salicaria,https://mam.ansp.org/image/PH/Fullsize/00449/PH00449211.jpg,invasive ,,,,ED,11/4/25,broken link
ab6091ce-21d3-4bfd-8b46-e34ea7257918,united states,usa,WGS84,"{""lat"": 43.106373, ""lon"": -87.924353}",-87.924353,43.106373,1976,7/10/76,lythrum salicaria,https://midwestherbaria.org/imglib/storage/uwm/aquatic/UWM0012/UWM0012405_lg.jpg,invasive,4.391,60,3.517,ED,11/4/25,
ab925509-62e1-4ada-9cf1-1fbb447a63f4,netherlands,nld,WGS84,"{""lat"": 52.285032, ""lon"": 5.716943}",5.716943,52.285032,1966,7/13/66,lythrum salicaria,https://medialib.naturalis.nl/file/id/L.4227202/format/large,native ,2.428,36,2.023,ED,11/4/25,
ab996163-4901-4a07-bf10-470a111b6e5b,canada,can,WGS84,"{""lat"": 46.265621, ""lon"": -63.143976}",-63.143976,46.265621,1949,8/6/49,lythrum salicaria,https://storage.idigbio.org/wis/aquatic/v0305/v0305282WIS_lg.jpg,invasive ,7.111,87,2.026,ED,11/4/25,
abaa13ca-2dca-4e63-b0f0-2696f16ad1bb,united states,usa,WGS84,"{""lat"": 34.997765, ""lon"": -101.919709}",-101.919709,34.997765,2007,7/27/07,lythrum salicaria,https://web.corral.tacc.utexas.edu/torch/BAYLU/BAYLU0028000/BAYLU028344.jpg,invasive ,1.146,147.12,1.356,ED,11/4/25,
ac68f711-0c35-4313-9dd9-0161e7f0eb39,united states,usa,WGS84,"{""lat"": 43.17365, ""lon"": -71.82238}",-71.82238,43.17365,1984,7/18/84,lythrum salicaria,https://neherbaria.org/imglib/cnh/UniversityofNewHampshire_NHA/NHA-726/NHA-726672.jpg,invasive,4.413,153.02,1.516,ED,11/4/25,
ac69637c-e2f7-4bff-8a03-894b61565dde,netherlands,nld,WGS84,"{""lat"": 52.281936, ""lon"": 4.471289}",4.471289,52.281936,1900,1/1/00,lythrum salicaria,https://medialib.naturalis.nl/file/id/L.3331280/format/large,native ,4.702,35,3.258,ED,11/4/25,
aca15ce5-b9dc-49e8-80b8-d12769b5fd16,netherlands,nld,WGS84,"{""lat"": 51.919096, ""lon"": 4.11528}",4.11528,51.919096,1964,6/8/64,lythrum salicaria,https://medialib.naturalis.nl/file/id/L.3708575/format/large,native ,,,,ED,11/4/25,could not be measured (too small)
acff1696-2014-40e8-a510-d56da0fc9821,netherlands,nld,WGS84,"{""lat"": 52.37285, ""lon"": 4.616257}",4.616257,52.37285,1838,1838/01/01,lythrum salicaria,https://medialib.naturalis.nl/file/id/L.3331102/format/large,native ,3.045,35.5,4.083,ED,11/4/25,
ad0446de-2888-4612-9c43-436c1348c65f,united states,usa,WGS84,"{""lat"": 44.762594, ""lon"": -73.419059}",-73.419059,44.762594,1981,8/10/81,lythrum salicaria,https://midwestherbaria.org/imglib/storage/uwm/aquatic/UWM0012/UWM0012385_lg.jpg,invasive ,3.962,61,1.942,ED,11/4/25,
ad2cae25-11ca-43d7-a9d7-122e848feb67,netherlands,nld,WGS84,"{""lat"": 53.249364, ""lon"": 6.653263}",6.653263,53.249364,1923,8/24/23,lythrum salicaria,https://medialib.naturalis.nl/file/id/L.3331130/format/large,native ,4.353,36,2.195,ED,11/4/25,
ad3288ed-8a5c-40e0-8348-315956f6e2b5,netherlands,nld,WGS84,"{""lat"": 51.878558, ""lon"": 4.624745}",4.624745,51.878558,1927,8/31/27,lythrum salicaria,https://medialib.naturalis.nl/file/id/L.3331337/format/large,native ,4.587,35.33,4.08,ED,11/4/25,
ad370640-d241-4ffb-a327-1b20548a5e75,netherlands,nld,WGS84,"{""lat"": 52.101615, ""lon"": 4.402011}",4.402011,52.101615,1916,7/13/16,lythrum salicaria,https://medialib.naturalis.nl/file/id/L.3331214/format/large,native ,14.9,35.66,10.36,ED,11/4/25,very high internode value
ad4a18c2-660f-4dbf-8f71-59fb0f911426,netherlands,nld,WGS84,"{""lat"": 51.970232, ""lon"": 4.987006}",4.987006,51.970232,1970,6/13/70,lythrum salicaria,https://medialib.naturalis.nl/file/id/L.3331278/format/large,native ,3.019,35.33,3.208,ED,11/4/25,
ad7d6184-d002-4ae9-9a11-a352b030de9c,netherlands,nld,WGS84,"{""lat"": 53.408792, ""lon"": 5.274394}",5.274394,53.408792,1898,1898/07/23,lythrum salicaria,https://medialib.naturalis.nl/file/id/L.3331244/format/large,native ,2.123,36.33,1.444,ED,11/4/25,
adcb2a2e-9561-4088-8912-f0ead5509afa,united states,usa,WGS84,"{""lat"": 44.87592, ""lon"": -69.11138}",-69.11138,44.87592,1941,6/10/41,lythrum salicaria,https://neherbaria.org/imglib/cnh/UniversityofMaine_MAINE/MAINE00036/MAINE00036752.jpg,invasive ,1.73,115,2.57,ED,11/4/25,
ae6ee082-9e15-4928-8339-b9afdb722457,netherlands,nld,WGS84,"{""lat"": 52.011, ""lon"": 5.913833}",5.913833,52.011,2001,7/24/01,lythrum salicaria,https://medialib.naturalis.nl/file/id/WAG.1071129/format/large,native ,,,,ED,11/4/25,no scale for centimeters 
aeaf2340-9633-44e8-849c-d9eaf6907ac7,norway,nor,WGS84,"{""lat"": 58.2444, ""lon"": 8.4705}",8.4705,58.2444,1932,6/16/32,lythrum salicaria,https://www.unimus.no/felles/bilder/web_hent_bilde.php?id=13386534&type=jpeg,native ,8.22,116,2.099,ED,11/4/25,
af4a2b56-68dc-48cb-bbd0-9286934bf7dc,netherlands,nld,WGS84,"{""lat"": 52.1494, ""lon"": 4.83929}",4.83929,52.1494,1949,7/30/49,lythrum salicaria,https://medialib.naturalis.nl/file/id/U.1362277/format/large,native ,3.388,36,1.498,ED,11/4/25,
af4fd130-5d29-4ad4-98fb-275213531549,netherlands,nld,WGS84,"{""lat"": 52.105593, ""lon"": 5.204742}",5.204742,52.105593,1930,7/17/30,lythrum salicaria,https://medialib.naturalis.nl/file/id/L.3331369/format/large,native ,3.866,36,2.686,ED,11/4/25,
af7ed08c-e2a4-4a35-b8c7-a31c04616b55,netherlands,nld,WGS84,"{""lat"": 52.548872, ""lon"": 6.603525}",6.603525,52.548872,1968,6/29/68,lythrum salicaria,https://medialib.naturalis.nl/file/id/L.3332946/format/large,native ,2.071,35.66,2.484,ED,11/4/25,
b0476c21-fe71-4a8b-8e36-b47be3d8d896,united states,usa,WGS84,"{""lat"": 43.03253, ""lon"": -83.68156}",-83.68156,43.03253,1995,9/5/95,lythrum salicaria,https://quod.lib.umich.edu/cgi/i/image/api/image/herb00ic:1355548:MICH-V-1355548/full/res:0/0/native.jpg,invasive ,8.463,118,4.618,ED,11/4/25,
b04f1828-2cec-42df-b34d-f7944da33c33,united states,usa,WGS84,"{""lat"": 44.8142, ""lon"": -89.726581}",-89.726581,44.8142,2014,9/22/14,lythrum salicaria,https://midwestherbaria.org/imglib/storage/portals/seinet/midwest/UWSP/UWSP-V-0010/9a51e5a168964563064efbd3e6179b_1527785761_lg.jpg,invasive ,1.114,83,1.741,ED,11/4/25,
b086cf15-1dd2-4c7b-9ebc-2443c3838f69,united states,usa,WGS84,"{""lat"": 39.865669, ""lon"": -75.233238}",-75.233238,39.865669,1934,10/27/34,lythrum salicaria,https://mam.ansp.org/image/PH/Fullsize/00449/PH00449166.jpg,invasive,,,,ED,11/4/25,broken link
b0b17414-d3d7-4fcc-9b91-bea56a9f6f60,united states,usa,WGS84,"{""lat"": 42.147094, ""lon"": -88.031859}",-88.031859,42.147094,1993,9/7/93,lythrum salicaria,https://midwestherbaria.org/imglib/seinet/midwest/DEK/DEK00106/DEK00106613_1739365647_lg.jpg,invasive ,6.106,79,6.224,ED,11/4/25,
b195b296-3240-46d1-b30b-d0746f2d922a,netherlands,nld,WGS84,"{""lat"": 53.177805, ""lon"": 6.621237}",6.621237,53.177805,1856,1856/08/26,lythrum salicaria,https://medialib.naturalis.nl/file/id/L.3331156/format/large,native ,5.948,35.33,2.381,ED,11/4/25,
b1c6d7ca-3fa3-4208-86f2-a06e2467f405,netherlands,nld,WGS84,"{""lat"": 52.055373, ""lon"": 4.257221}",4.257221,52.055373,1836,1836/07/01,lythrum salicaria,https://medialib.naturalis.nl/file/id/L.3332969/format/large,native ,3.595,36.1671,2.08,ML,11/21/25,
b202920f-c592-4ea9-87a6-4ba6476488e9,netherlands,nld,WGS84,"{""lat"": 53.045141, ""lon"": 6.393756}",6.393756,53.045141,1971,7/13/71,lythrum salicaria,https://medialib.naturalis.nl/file/id/L.3331346/format/large,native ,9.706,35.5,5.138,ED,11/4/25,
b2294ce3-c286-40c0-a9f3-217d5af300cb,norway,nor,WGS84,"{""lat"": 60.0708, ""lon"": 10.2937}",10.2937,60.0708,1905,7/29/05,lythrum salicaria,https://www.unimus.no/felles/bilder/web_hent_bilde.php?id=13445777&type=jpeg,native ,3.381,118,1.535,ED,11/4/25,
b25e872b-d8cb-4244-98e4-86a27560e156,united states,usa,WGS84,"{""lat"": 36.814907, ""lon"": -76.260145}",-76.260145,36.814907,1989,8/31/89,lythrum salicaria,https://odu-herbarium-project.s3.amazonaws.com/ODU00012697.jpg,invasive ,,,,ED,11/18/25,no scale for cm
b2604db3-42a7-4c43-980f-c8cc0029db36,netherlands,nld,WGS84,"{""lat"": 52.015714, ""lon"": 5.56929}",5.56929,52.015714,1923,1/1/23,lythrum salicaria,https://medialib.naturalis.nl/file/id/WAG.1071145/format/large,native ,,,,ED,11/18/25,no scale for centimeters 
b2f5db6c-64ff-4887-bb48-65e7c7bff411,united states,usa,WGS84,"{""lat"": 44.29071, ""lon"": -87.564387}",-87.564387,44.29071,2010,8/20/10,lythrum salicaria,https://midwestherbaria.org/imglib/storage/uwl/aquatic/UWL0000/UWL0000013_lg.jpg,invasive,7.138,90,2.363,ED,11/18/25,
b35a3971-fb26-4b08-bf15-4c4f79b17d0a,united states,usa,WGS84,"{""lat"": 40.02808, ""lon"": -75.232979}",-75.232979,40.02808,1943,7/24/43,lythrum salicaria,https://mam.ansp.org/image/PH/Fullsize/00449/PH00449141.jpg,invasive ,,,,ED,11/18/25,broken link
b39bdab7-5a0f-488c-94cb-6753e949fe38,united states,usa,WGS84,"{""lat"": 44.3355, ""lon"": -75.465568}",-75.465568,44.3355,1931,7/22/31,lythrum salicaria,https://storage.idigbio.org/wis/aquatic/v0305/v0305274WIS_lg.jpg,invasive ,4.06,88,1.911,ED,11/18/25,
b3dfa032-f5e8-404d-a1bc-01be63e36b52,norway,nor,WGS84,"{""lat"": 59.8791, ""lon"": 10.6149}",10.6149,59.8791,1942,5/19/42,lythrum salicaria,https://www.unimus.no/felles/bilder/web_hent_bilde.php?id=13386983&type=jpeg,native ,12.877,119,2.328,ED,11/18/25,high leaf area
b476a22c-b306-4fb4-8cb7-5cf0222d670b,france,fra,WGS84,"{""lat"": 49.4265, ""lon"": 1.1263}",1.1263,49.4265,1934,8/4/34,lythrum salicaria,https://intermountainbiota.org/imglib/h_seinet/seinet/KHD/KHD00046/KHD00046078_lg.jpg,native ,2.771,109,2.29,ED,11/18/25,
b4a69723-d95a-4ceb-80db-22211d45e32a,united states,usa,WGS84,"{""lat"": 42.37651, ""lon"": -71.11736}",-71.11736,42.37651,1877,1877/07/13,lythrum salicaria,http://nansh.org/imglib/seinet/nansh/VT/UVMVT126/UVMVT126342.jpg,invasive ,9.03,122,2.605,ED,11/18/25,
b4ad2d35-bbe5-4caf-b68f-bd51c093df55,netherlands,nld,WGS84,"{""lat"": 52.553827, ""lon"": 5.940126}",5.940126,52.553827,1925,8/17/25,lythrum salicaria,https://medialib.naturalis.nl/file/id/L.3333013/format/large,native ,3.854,36,2.505,ED,11/18/25,
b5256803-e1dc-4dc0-a81f-fa093bf195b6,netherlands,nld,WGS84,"{""lat"": 52.105457, ""lon"": 5.13176}",5.13176,52.105457,1835,1835/01/01,lythrum salicaria,https://medialib.naturalis.nl/file/id/L.3331069/format/large,native ,6.715,40.33,3.915,ED,11/18/25,
b537124a-39a4-49a8-aa29-fe21384da009,norway,nor,WGS84,"{""lat"": 59.3099, ""lon"": 11.773}",11.773,59.3099,2002,6/26/02,lythrum salicaria,https://www.unimus.no/felles/bilder/web_hent_bilde.php?id=13430600&type=jpeg,native ,7.058,119,2.485,ED,11/18/25,
b53abad6-84aa-43fb-803c-011f266b161f,united states,usa,WGS84,"{""lat"": 41.037052, ""lon"": -100.391149}",-100.391149,41.037052,1991,7/19/91,lythrum salicaria,https://ngpherbaria.org/imglib/seinet/ngph/CSCN/CSCN-V-0048/CSCN-V-0048470_lg.jpg,invasive ,2.309,99,2.253,ED,11/18/25,
b5782f39-4186-4ae5-b65a-e733e514629b,netherlands,nld,WGS84,"{""lat"": 51.943734, ""lon"": 5.612631}",5.612631,51.943734,1960,6/20/60,lythrum salicaria,https://medialib.naturalis.nl/file/id/L.3331296/format/large,native ,8.765,35.8337,3.298,ML,11/21/25,
b5cbb50c-a2f9-4ece-9ea2-e2479639d9c4,united states,usa,WGS84,"{""lat"": 39.925946, ""lon"": -75.11962}",-75.11962,39.925946,1878,1878/08/08,lythrum salicaria,https://mam.ansp.org/image/PH/Fullsize/00449/PH00449260.jpg,invasive ,,,,ED,11/18/25,broken link
b5d85ac6-4c58-452a-a4b7-f608d30153c4,united states,usa,WGS84,"{""lat"": 40.638212, ""lon"": -75.29025}",-75.29025,40.638212,1966,8/24/66,lythrum salicaria,http://mam.ansp.org/image/MCA/Fullsize/0041/MCA0041815.jpg,invasive ,,,,ED,11/18/25,broken link
b62af9e5-0586-4e47-8ddf-c366dffa7bf8,russia,,WGS84,"{""lat"": 56.165, ""lon"": 28.3202}",28.3202,56.165,1999,7/11/99,lythrum salicaria,https://neherbaria.org/imglib/cnh/UniversityofNewHampshire_NHA/NHA-726/NHA-726674.jpg,,5.892,117,2.517,ED,11/18/25,
b649cb75-290a-48d4-84e3-4df35f993e71,netherlands,nld,WGS84,"{""lat"": 53.178556, ""lon"": 6.546464}",6.546464,53.178556,1935,8/4/35,lythrum salicaria,https://medialib.naturalis.nl/file/id/U.1362225/format/large,native ,3.538,36,3.931,ED,11/18/25,
b67b6360-309a-4c4f-a2d4-b35665ef92e0,united states,usa,WGS84,"{""lat"": 41.662888, ""lon"": -87.57548}",-87.57548,41.662888,1955,8/1/55,lythrum salicaria,https://midwestherbaria.org/imglib/seinet/midwest/DEK/DEK00106/DEK00106615_1739371398_lg.jpg,invasive ,4.292,79.02,1.269,ED,11/18/25,
b74d1bad-2884-4018-9f3f-cc530edff38c,norway,nor,WGS84,"{""lat"": 58.7272, ""lon"": 5.6428}",5.6428,58.7272,2006,8/19/06,lythrum salicaria,https://www.unimus.no/felles/bilder/web_hent_bilde.php?id=14109122&type=jpeg,native ,4.058,118,3.419,ED,11/18/25,
b79a8c44-9707-48fd-aa6f-5d996d9546f6,norway,nor,WGS84,"{""lat"": 59.1982, ""lon"": 10.7946}",10.7946,59.1982,1948,8/10/48,lythrum salicaria,https://www.unimus.no/felles/bilder/web_hent_bilde.php?id=13444284&type=jpeg,native ,2.546,118,1.941,ED,11/18/25,
b7f9ccf3-a2ee-4021-9cf2-600ac9c31e38,united states,usa,WGS84,"{""lat"": 47.07359, ""lon"": -119.3371}",-119.3371,47.07359,2008,8/28/08,lythrum salicaria,https://www.pnwherbaria.org/images/jpeg.php?Image=WTU-V-022151.jpg,invasive ,3.418,122,3.181,ED,11/18/25,
b81c998c-1ca2-44d9-96bc-c7f0218884a2,united states,usa,WGS84,"{""lat"": 41.20694, ""lon"": -73.43989}",-73.43989,41.20694,1985,7/25/85,lythrum salicaria,https://neherbaria.org/imglib/cnh/WiltonGardenClub_WGCH/WGCH-00000/WGCH-00000624.jpg,onvasive ,4.932,124.02,1.76,ED,11/18/25,
b8c33436-12df-4ef4-bf62-279ae20e748f,norway,nor,WGS84,"{""lat"": 59.6914, ""lon"": 5.1289}",5.1289,59.6914,1921,7/12/21,lythrum salicaria,https://www.unimus.no/felles/bilder/web_hent_bilde.php?id=13445834&type=jpeg,native ,7.352,117,3.621,ED,11/18/25,
b9015c60-c5f7-4dfc-af22-b89f0f2e7d4b,netherlands,nld,WGS84,"{""lat"": 52.734392, ""lon"": 5.720319}",5.720319,52.734392,1941,1/1/41,lythrum salicaria,https://medialib.naturalis.nl/file/id/L.3331128/format/large,native ,2.584,35.75,4.175,ML,11/21/25,
b91b3efc-2eb4-4e6c-8196-f2cf4781fc9e,united states,usa,WGS84,"{""lat"": 38.935113, ""lon"": -74.906005}",-74.906005,38.935113,1919,7/31/19,lythrum salicaria,https://mam.ansp.org/image/PH/Fullsize/00449/PH00449289.jpg,invasive ,,,,ED,11/18/25,broken link
b94c0e8d-bcfa-4d3d-bfc6-a671260c7b89,netherlands,nld,WGS84,"{""lat"": 53.041499, ""lon"": 6.641797}",6.641797,53.041499,1953,7/23/53,lythrum salicaria,https://medialib.naturalis.nl/file/id/L.3331343/format/large,native,8.285,36.66,5.173,ED,11/18/25,
b95d41a0-e82b-4718-8cdb-a433466bf013,united states,usa,WGS84,"{""lat"": 43.725397, ""lon"": -116.250746}",-116.250746,43.725397,1956,7/25/56,lythrum salicaria,https://www.pnwherbaria.org/images/jpeg.php?Image=IDS0020026.jpg,invasive,6.205,121,2.903,ED,11/18/25,
b9a6af22-1533-4052-b268-0e8bcb015336,netherlands,nld,WGS84,"{""lat"": 52.508521, ""lon"": 4.761182}",4.761182,52.508521,1915,8/1/15,lythrum salicaria,https://medialib.naturalis.nl/file/id/L.3331372/format/large,native,8.605,36.33,3.273,ED,11/18/25,
b9a91c17-f294-46f0-a116-fbd436be7c24,netherlands,nld,WGS84,"{""lat"": 52.150669, ""lon"": 5.423726}",5.423726,52.150669,1925,9/23/25,lythrum salicaria,https://medialib.naturalis.nl/file/id/U.1362235/format/large,native,5.967,34.33,3.924,ED,11/18/25,
ba0a6ccf-c10b-4727-94fd-869accedf94f,netherlands,nld,WGS84,"{""lat"": 51.876317, ""lon"": 4.334331}",4.334331,51.876317,1900,8/4/00,lythrum salicaria,https://medialib.naturalis.nl/file/id/WAG.1071157/format/large,native,11.831,43,3.585,ED,11/18/25,
ba324284-7805-4a1e-a0f4-2ed4a2d5b1f7,united states,usa,WGS84,"{""lat"": 39.030547, ""lon"": -88.856934}",-88.856934,39.030547,1991,8/10/91,lythrum salicaria,https://web.corral.tacc.utexas.edu/torch/BAYLU/BAYLU0028000/BAYLU028366.jpg,invasive ,1.255,148.05,1.375,ED,11/18/25,
ba67fbe9-30bb-4d4a-82af-9cf12652ec14,netherlands,nld,WGS84,"{""lat"": 52.147136, ""lon"": 4.474059}",4.474059,52.147136,1967,8/3/67,lythrum salicaria,https://medialib.naturalis.nl/file/id/L.3331119/format/large,native,3.491,35.5,1.577,ED,11/18/25,
ba7df3e0-64d4-4c57-bceb-bc72332b54b5,united states,usa,WGS84,"{""lat"": 40.827876, ""lon"": -75.086008}",-75.086008,40.827876,1907,9/1/07,lythrum salicaria,https://mam.ansp.org/image/PH/Fullsize/00449/PH00449090.jpg,invasive,,,,ML,11/18/25,broken link
bace5877-1a9f-4261-9a0d-9381f0a83060,united states,usa,WGS84,"{""lat"": 45.53457565, ""lon"": -92.3853164}",-92.3853164,45.53457565,2012,7/16/12,lythrum salicaria,https://midwestherbaria.org/imglib/storage/portals/seinet/midwest/UWSP/UWSP-V-0010/f14d594aecac7bcf92cc3c6fd1a357_1527788108_lg.jpg,invasive,3.318,81.0015,3.822,ML,11/18/25,
baf8c004-bd32-4437-8254-1178561a7054,netherlands,nld,WGS84,"{""lat"": 51.969966, ""lon"": 5.860154}",5.860154,51.969966,1925,8/1/25,lythrum salicaria,https://medialib.naturalis.nl/file/id/L.3331277/format/large,native,9.874,36.333,6.22,ML,11/18/25,slightly high internode value
bb6f3c3c-b2e5-41cd-9cf2-0e9d7f111cb2,united states,usa,WGS84,"{""lat"": 43.627548, ""lon"": -85.226423}",-85.226423,43.627548,1995,8/9/95,lythrum salicaria,https://web.corral.tacc.utexas.edu/torch/BAYLU/BAYLU0028000/BAYLU028365.jpg,invasive,9.194,154.0519,4.462,ML,11/18/25,
bba064fe-ff0c-4a1c-95f3-806774a66c54,united states,usa,WGS84,"{""lat"": 40.881997, ""lon"": -77.793948}",-77.793948,40.881997,2002,8/14/02,lythrum salicaria,http://mam.ansp.org/image/CM/Fullsize/526/CM526727.jpg,invasive,,,,ML,11/18/25,broken link
bbab315f-eef7-43dd-ad26-21dec2d61aee,united states,usa,WGS84,"{""lat"": 40.656085, ""lon"": -75.369259}",-75.369259,40.656085,1966,7/14/66,lythrum salicaria,http://mam.ansp.org/image/MCA/Fullsize/0041/MCA0041810.jpg,invasive,,,,ML,11/18/25,broken link 
bc4403b0-263f-4e8c-bf7a-e7730b03d888,united states,usa,WGS84,"{""lat"": 41.547781, ""lon"": -75.217404}",-75.217404,41.547781,1950,8/30/50,lythrum salicaria,https://mam.ansp.org/image/PH/Fullsize/00449/PH00449130.jpg,invasive,,,,ML,11/18/25,broken link
bc5a1dff-70d0-413b-919d-b5a0eb6deb3c,norway,nor,WGS84,"{""lat"": 59.6473, ""lon"": 11.1228}",11.1228,59.6473,2001,8/13/01,lythrum salicaria,https://www.unimus.no/felles/bilder/web_hent_bilde.php?id=13425031&type=jpeg,native,16.417,119,4.239,ML,11/18/25,very high leaf area
bc894e4b-e6a2-4962-b493-a7a2c723f602,united states,usa,WGS84,"{""lat"": 44.12967, ""lon"": -69.24492}",-69.24492,44.12967,1947,7/18/47,lythrum salicaria,https://neherbaria.org/imglib/cnh/UniversityofMaine_MAINE/MAINE00036/MAINE00036778.jpg,invasive,4.042,124,4.644,ML,11/18/25,
ff2303d1-f341-4e9e-aad8-359ac290f3d8,united states,usa,WGS84,"{""lat"": 37.027569, ""lon"": -76.422234}",-76.422234,37.027569,1996,7/18/96,lythrum salicaria,https://sernecportal.org/imglib/seinet/sernec/WILLI/00062/62732.jpg,invasive,9.619,123.0041,5.849,ML,11/18/25,
ff2f6f26-702c-4322-84b1-f6a170e5c5a2,united states,usa,WGS84,"{""lat"": 43.793477, ""lon"": -91.253041}",-91.253041,43.793477,1999,8/31/99,lythrum salicaria,https://midwestherbaria.org/imglib/storage/uwl/aquatic/UWL0000/UWL0000042_lg.jpg,invasive,5.271,88.5056,5.913,ML,11/18/25,