Processed?,coreid,dwc.countr,idigbio.is,dwc.geodet,idigbio.ge,idigbio.lo,idigbio.la,idigbio.ev,idigbio._1,dwc.scient,ac.accessU,Range,pixelpercm,Leaf_Area_cm2,infl_length_cm,initials,date_processed,notes
FALSE,bcb6f773-86d8-4a50-9715-4868a7f76d82,united states,usa,WGS84,"{""lat"": 41.621584, ""lon"": -80.31312}",-80.31312,41.621584,2003,7/10/03,lythrum salicaria,http://mam.ansp.org/image/CM/Fullsize/527/CM527915.jpg,invasive,,,,AV/AS/JV,10/28/25,Link Broken
TRUE,bd1c5858-d61b-42ba-9138-57824c6e0035,netherlands,nld,WGS84,"{""lat"": 51.464343, ""lon"": 3.696207}",3.696207,51.464343,1928,7/13/28,lythrum salicaria,https://medialib.naturalis.nl/file/id/L.3331215/format/large,native,36.1668,9.561,18.809,AV/AS/JV,10/28/25,"done in lab, leaf - left stem, bottom right leaf, inflorescence on the right stem"
FALSE,bd53362a-ef3f-4d60-b7b0-66acd36fa246,united states,usa,WGS84,"{""lat"": 40.722694, ""lon"": -75.525055}",-75.525055,40.722694,1947,7/30/47,lythrum salicaria,https://mam.ansp.org/image/PH/Fullsize/00449/PH00449093.jpg,invasive,,,,AV/AS/JV,10/28/25,Link Broken
FALSE,bd96aac8-847f-424c-8234-3c5aadc11fbe,united states,usa,WGS84,"{""lat"": 40.654819, ""lon"": -75.474627}",-75.474627,40.654819,1977,8/1/77,lythrum salicaria,http://mam.ansp.org/image/MCA/Fullsize/0041/MCA0041853.jpg,invasive,,,,AV/AS/JV,11/4/25,Link Broken
TRUE,bd973220-4b78-4163-834f-af1675abfd75,norway,nor,WGS84,"{""lat"": 58.9998, ""lon"": 10.0444}",10.0444,58.9998,1924,5/20/24,lythrum salicaria,https://www.unimus.no/felles/bilder/web_hent_bilde.php?id=13445796&type=jpeg,native,119.1671,6.628,14.678,AV,11/4/25,main (middle) inflorescence measured and bottom most right leaf measured for area
TRUE,bdb72e28-0d13-40f3-a307-e30a528718d1,norway,nor,WGS84,"{""lat"": 59.704, ""lon"": 10.5727}",10.5727,59.704,1934,7/16/34,lythrum salicaria,https://www.unimus.no/felles/bilder/web_hent_bilde.php?id=13387389&type=jpeg,native,119.3333,7.637,7.235,AV,11/4/25,"second stem (2/4 from left to right) - after second piece of tape from the bottom, measured the third leaf (moving up over the third piece of tape) on the left. For infl, measured the furthest right"
TRUE,bdc86ef6-d9dc-413c-9db7-705904ae9422,united states,usa,WGS84,"{""lat"": 44.33177, ""lon"": -68.33077}",-68.33077,44.33177,1926,7/29/26,lythrum salicaria,https://neherbaria.org/imglib/cnh/UniversityofNewHampshire_NHA/NHA-558/NHA-558939.jpg,invasive,117.1668,9.788,6.678,AV,11/4/25,only one inflorescence measured from the first flower and the leaf measured is third up from the bottom on the left of the middle stem after the break from the right. 
TRUE,be5930a8-3548-4ae5-9726-8944e3a8c30b,united states,usa,WGS84,"{""lat"": 44.401936, ""lon"": -89.836085}",-89.836085,44.401936,1983,8/28/83,lythrum salicaria,https://midwestherbaria.org/imglib/storage/portals/seinet/midwest/UWSP/UWSP-V-0010/7812b3da7f90a992607c66be8ae40c_1527786883_lg.jpg,invasive,40.0003,9.178,22.694,AV,11/4/25,"inflorescence on the right stem and leaf on the right stem, first leaf on the left of the stem from the bottom "
TRUE,be747b00-f70b-42b6-80ce-7161a80334e0,united states,usa,WGS84,"{""lat"": 38.599243, ""lon"": -83.318795}",-83.318795,38.599243,1983,8/12/83,lythrum salicaria,https://sernecportal.org/imglib/seinet/sernec/NCU_VascularPlants/NCU00116/NCU00116783_01.JPG,invasive,118.8338,12.184,16.556,AV,11/10/25,"middle inflorescence measured, leaf in the center of the stem, facing horizontally to the left, with 4 holes measured"
TRUE,be8f5818-0d98-4f3e-b618-b3ffd47260b6,netherlands,nld,WGS84,"{""lat"": 52.369164, ""lon"": 6.598584}",6.598584,52.369164,1953,8/14/53,lythrum salicaria,https://medialib.naturalis.nl/file/id/L.3331340/format/large,native,35.8342,5.146,18.968,AV,11/10/25,"from the top right, on the second stem, the highest (on the page) leaf on the left of the stem, the inflorescence was the left most on the page"
TRUE,bec2171e-1e36-4ce6-8365-df0d8d87d6f4,norway,nor,WGS84,"{""lat"": 57.9887, ""lon"": 7.5243}",7.5243,57.9887,1947,6/24/47,lythrum salicaria,https://www.unimus.no/felles/bilder/web_hent_bilde.php?id=13386546&type=jpeg,native,119.0001,4.729,2.118,AV,11/10/25,Only one inflorescence and the leaf was the fifth leaf on the right from the top (third whole leaf from the bottom)
TRUE,bf0a4a97-713e-4f40-86ce-ada48aac39e8,united states,usa,WGS84,"{""lat"": 43.765584, ""lon"": -89.187183}",-89.187183,43.765584,2015,7/20/15,lythrum salicaria,https://midwestherbaria.org/imglib/storage/portals/seinet/midwest/UWSP/UWSP-V-0010/6fa4d994d4dfc71f039747701a768b_1527786268_lg.jpg,invasive,82.0949,6.187,46.944,AV,11/10/25,"Check the infl starting point (started from the first purple flower down the stem), leaf measured was the 4th from the bottom on the left of the stem"
TRUE,bfeaed42-51b6-4188-ae77-1b1812454e80,canada,can,WGS84,"{""lat"": 46.537354, ""lon"": -84.239611}",-84.239611,46.537354,1968,8/9/68,lythrum salicaria,https://midwestherbaria.org/imglib/storage/uwl/aquatic/UWL0000/UWL0000053_lg.jpg,native,91.2503,0.931,14.354,AV,11/13/25,"Infl measured is the second upright one from the left, leaves were mainly the same size, leaf measured was in the middle of the bottom bunch, pointed in the southeast direction"
TRUE,bffb1c1d-aed9-46b3-8370-ab63215951ca,united states,usa,WGS84,"{""lat"": 43.17479, ""lon"": -70.94086}",-70.94086,43.17479,1967,10/26/67,lythrum salicaria,https://neherbaria.org/imglib/cnh/UniversityofNewHampshire_NHA/NHA-706/NHA-706862.jpg,invasive,161.2531,12.361,,AV,11/10/25,"No inflorescence, leaf that was measured is second from the bottom after the branches on the right"
TRUE,c00bfd24-34c6-426e-b405-9c52f9e38594,netherlands,nld,WGS84,"{""lat"": 53.363862, ""lon"": 5.274514}",5.274514,53.363862,1964,8/16/64,lythrum salicaria,https://medialib.naturalis.nl/file/id/U.1362237/format/large,native,35.6682,,17.176,AV,11/10/25,"Leaves are all shriveled (and ones that are not are much smaller than the largest leaves), the infl measured was the middle infl starting in the leaf node bc exact start unknown"
TRUE,c02aa0e6-4f17-43f3-930f-6b34bc9e3ba7,united states,usa,WGS84,"{""lat"": 37.01843, ""lon"": -76.376929}",-76.376929,37.01843,2008,7/28/08,lythrum salicaria,https://sernecportal.org/imglib/seinet/sernec/WILLI/00079/79132.jpg,invasive,123.1707,2.058,38.8,AV,11/13/25,"scale (10mm = 1cm), infl measured is from the 4th stem from the left and starts in the middle of the page and curves slightly, leaf measured is on the third stem from the left (brown, has part of the leaf missing)"
TRUE,c16a7cef-e5b0-4afa-b733-fc4a68b8d4e6,netherlands,nld,WGS84,"{""lat"": 52.285214, ""lon"": 5.643667}",5.643667,52.285214,1951,8/16/51,lythrum salicaria,https://medialib.naturalis.nl/file/id/L.3331124/format/large,native,36.2502,13.971,14.236,AV,11/18/25,"leaf measured was on the right stem, one leaf up on the right (it was hard to see the whole leaf, so rather than estimating, I measured what I could see), infl measured on the right stem"
TRUE,c199b06f-8042-44c1-96fd-b8b23dd56f4c,norway,nor,WGS84,"{""lat"": 59.0487, ""lon"": 10.8826}",10.8826,59.0487,1966,7/20/66,lythrum salicaria,https://www.unimus.no/felles/bilder/web_hent_bilde.php?id=13444287&type=jpeg,native,119,6.832,6.171,AV,11/10/25,"leaf measured was on the right stalk, first one on the right from the bottom, infl measured was on the right stalk"
TRUE,c1ce5aa0-0c51-44fd-bf07-401744631005,poland,pol,WGS84,"{""lat"": 49.972222, ""lon"": 20.316667}",20.316667,49.972222,2007,7/9/07,lythrum salicaria,https://midwestherbaria.org/imglib/seinet/midwest/DEK/DEK00106/DEK00106634_1739449667_lg.jpg,native,81.0163,4.757,16.653,AV,11/18/25,"in right bunch of infl, the furthest to the left was measured from the purple at the bottom believed to be on the stem (but before the purple that is a slightly different shade), and the leaf measured was to the left of the roots, second up on the right of the right most stem, not complete but the biggest on the plant "
TRUE,c1df5d26-1ca3-4491-8e4f-1035d4525d98,united states,usa,WGS84,"{""lat"": 42.61285, ""lon"": -71.22975}",-71.22975,42.61285,1977,8/28/77,lythrum salicaria,https://neherbaria.org/imglib/cnh/UniversityofNewHampshire_NHA/NHA-701/NHA-701482.jpg,invasive,161.5031,3.545,9.977,AV,11/13/25,"fourth infl from the left measured (followed the large stem from the middle of the leaf at what appeared to be the base), leaf measured was just above the break on the right side of the stem (slightly missing)"
TRUE,c1facd71-0fc7-44e7-a783-c6b7f188c836,netherlands,nld,WGS84,"{""lat"": 51.969962, ""lon"": 4.914246}",4.914246,51.969962,1957,7/17/57,lythrum salicaria,https://medialib.naturalis.nl/file/id/U.1362258/format/large,native,36.25,10.695,38.916,AV,11/11/25,"leaf on the right most stem with a bit of herbivory in the middle and around the tip, laying pointing the middle of the page - third leaf up on the left of the stem from the split at the bottom of the image, bottom covered, so estimated. Infl in the middle that extends to bottom of page, hard time knowing the starting point"
TRUE,c21c6518-c82e-4b7e-9aa8-f8806831e093,united states,usa,WGS84,"{""lat"": 43.695892, ""lon"": -116.680406}",-116.680406,43.695892,1974,9/14/74,lythrum salicaria,http://sweetgum.nybg.org/images3/2038/301/02058487.jpg,invasive,189.5002,7.936,7.3,AV,11/11/25,"leaf measured was the first leaf up the stem on the left (some of the base was covered), tallest leftmost infl measured"
TRUE,c2422218-ea7f-4827-a5e0-45061e2a3083,norway,nor,WGS84,"{""lat"": 59.6743, ""lon"": 5.9074}",5.9074,59.6743,1920,7/16/20,lythrum salicaria,https://www.unimus.no/felles/bilder/web_hent_bilde.php?id=13445837&type=jpeg,native,119.1709,11.598,3.948,AV,11/11/25,"infl on the right, leaf measured is third branching off the right of the leftmost stem, angled towards the top of the paper"
TRUE,c24a403d-1e06-40ab-a0a6-21445b60bdc9,norway,nor,WGS84,"{""lat"": 59.3194, ""lon"": 11.7788}",11.7788,59.3194,2009,8/5/09,lythrum salicaria,https://www.unimus.no/felles/bilder/web_hent_bilde.php?id=13419486&type=jpeg,native,119.3334,9.08,16.928,AV,11/11/25,"leaf on the right of the stem in the image, if looking down the stem it would be the leaf on the left (bottom partially covered), infl measured is the largest towards the top of the image"
FALSE,c257181c-6c2f-43db-97d2-6ac2aacb8d1d,united states,usa,WGS84,"{""lat"": 40.252, ""lon"": -78.972033}",-78.972033,40.252,1970,7/13/70,lythrum salicaria,http://mam.ansp.org/image/PAC/Fullsize/0051/PAC0051448.jpg,invasive,,,,,11/11/25,Link Broken
TRUE,c28a91ab-ebe7-47d7-b001-cecefc69aafc,united states,usa,WGS84,"{""lat"": 44.03395, ""lon"": -69.87071}",-69.87071,44.03395,1968,8/13/68,lythrum salicaria,https://neherbaria.org/imglib/cnh/UniversityofMaine_MAINE/MAINE00036/MAINE00036772.jpg,invasive,124.8571,9.375,22.565,AV,11/11/25,"center infl measured, on the right stem all the way at the end, the farthest leaf in the image to the right."
TRUE,c2c286e9-4f15-45c4-ba58-cd7286cc5981,netherlands,nld,WGS84,"{""lat"": 52.37285, ""lon"": 4.616257}",4.616257,52.37285,1836,1836/08/01,lythrum salicaria,https://medialib.naturalis.nl/file/id/L.3331105/format/large,native,36.1251,6.414,25.588,AV,11/11/25,"leaf on the right side of the stem, (from bottom to top - broken leaf, small branch, measured leaf), infl measured is in the middle."
TRUE,c33b32cc-31b7-42df-8438-d09c83e6213a,netherlands,nld,WGS84,"{""lat"": 51.521038, ""lon"": 5.063004}",5.063004,51.521038,1955,7/24/55,lythrum salicaria,https://medialib.naturalis.nl/file/id/U.1362234/format/large,native,36.0002,12.181,15.46,AV,11/11/25,"leaf measured is bottom leaf on the left of the stem (some herbivory and bottom hard to see), infl in the middle with purple flowers measured. "
FALSE,c34b6689-29d8-410c-9f56-ad8bed31c1ec,united states,usa,WGS84,"{""lat"": 40.061778, ""lon"": -75.131842}",-75.131842,40.061778,1949,8/5/49,lythrum salicaria,http://mam.ansp.org/image/MCA/Fullsize/0041/MCA0041874.jpg,invasive,,,,AV,11/11/25,Link Broken
TRUE,c3589d79-ccbc-4f9e-aae1-595186753747,netherlands,nld,WGS84,"{""lat"": 53.209348, ""lon"": 5.883107}",5.883107,53.209348,1925,7/11/25,lythrum salicaria,https://medialib.naturalis.nl/file/id/L.3331287/format/large,native,36.0634,6.73,13.498,AV,11/13/25,"infl at the end of the stem (main infl) measured, leaf measured was the largest leaf on the left side of the stem (slightly folded over, so estimated the shape of the exterior of the leaf)"
TRUE,c37327fd-f6a0-4095-a1e1-380c5722d273,norway,nor,WGS84,"{""lat"": 59.9084, ""lon"": 10.6816}",10.6816,59.9084,1950,5/20/50,lythrum salicaria,https://www.unimus.no/felles/bilder/web_hent_bilde.php?id=13413298&type=jpeg,native,119.1253,5.693,21.8,AV,11/12/25,infl on the left specimen measured and bottom left leaf on the left specimen
TRUE,c3a2a1dd-8fa0-4e24-827b-c1d6ccb489e7,norway,nor,WGS84,"{""lat"": 58.9998, ""lon"": 10.0444}",10.0444,58.9998,1966,8/3/66,lythrum salicaria,https://www.unimus.no/felles/bilder/web_hent_bilde.php?id=13445790&type=jpeg,native,119.1667,10.681,9.851,AV,11/12/25,"infl measured is the only one on the plant, the leaf measured was on the stem with the infl, second from the bottom on the left, overlaps the leaf above it"
TRUE,c3d79c8f-83c1-4ec4-a193-b390eea25ae5,united states,usa,WGS84,"{""lat"": 48.67164, ""lon"": -119.69078}",-119.69078,48.67164,2019,9/20/19,lythrum salicaria,https://www.pnwherbaria.org/images/jpeg.php?Image=WTU-V-078180.jpg,invasive,124.251,7.003,7.278,AV,11/12/25,"leaf measured on the right stem, 3rd from the top on the left (bottom slightly covered but shape is still visible), infl measured is the infl on the left stem next to the roots"
TRUE,c3f37dff-29c6-4913-b243-1fb96a8b82b3,norway,nor,WGS84,"{""lat"": 60.2611, ""lon"": 5.9091}",5.9091,60.2611,1933,8/5/33,lythrum salicaria,https://www.unimus.no/felles/bilder/web_hent_bilde.php?id=13445839&type=jpeg,native,119.1361,5.311,10.797,AV,11/12/25,"leaf measured is on the third from the bottom on the right of the right stem, the infl measured is on the right stem"
FALSE,c4095ff0-78fd-4d78-9828-c3c1d97ac049,united states,usa,WGS84,"{""lat"": 40.94639, ""lon"": -73.06972}",-73.06972,40.94639,1926,8/1/26,lythrum salicaria,http://mam.ansp.org/image/CM/Fullsize/178/CM178998.jpg,invasive,,,,AV,11/12/25,Link Broken
TRUE,c42f4624-6278-4f48-a148-ee8fa13d8125,netherlands,nld,WGS84,"{""lat"": 53.134336, ""lon"": 6.470556}",6.470556,53.134336,1959,6/25/59,lythrum salicaria,https://medialib.naturalis.nl/file/id/L.3708577/format/large,native,,,,AV,11/13/25,seedling
TRUE,c47173b2-2f8a-4854-838d-caf4c55f95f8,united states,usa,WGS84,"{""lat"": 61.207728, ""lon"": -149.920506}",-149.920506,61.207728,2008,8/4/08,lythrum salicaria,https://www.pnwherbaria.org/images/jpeg.php?Image=UAAH_010761.jpg,invasive,126.25,11.096,8.569,AV,11/12/25,"infl hard to determine start point (went based on what was visible), leaf measured was the longest leaf on the bottom left part of the page (below the leaf that is fading into red color)"
TRUE,c48e9f12-fbf5-439c-a2fe-b5f4687cf819,united states,usa,WGS84,"{""lat"": 42.73343, ""lon"": -71.32393}",-71.32393,42.73343,1950,7/29/50,lythrum salicaria,https://neherbaria.org/imglib/cnh/UniversityofNewHampshire_NHA/NHA-706/NHA-706848.jpg,invasive,161.679,7.13,13.314,AV,11/12/25,"infl measured is the one on the left stem, leaf measured is vertical most visible at the top of the left stem (the first large, fully visible leaf on the left below the infl on the left)"
TRUE,c4e2e4e2-d2fc-460a-b31b-9d38dad6d8d0,united states,usa,WGS84,"{""lat"": 36.916969, ""lon"": -82.446582}",-82.446582,36.916969,1985,8/5/85,lythrum salicaria,https://sernecportal.org/imglib/seinet/sernec/WILLI/00047/47974.jpg,invasive,123.0005,13.718,37.722,AV,11/12/25,"middle infl measured (from the furthest down bud), bottom leaf on the left of the stem measured (part is missing but it appeared by far to be the biggest leaf)"
FALSE,c52ab17b-bcf5-4220-b79e-ee58d23fc57a,united states,usa,WGS84,"{""lat"": 40.621163, ""lon"": -75.192953}",-75.192953,40.621163,1962,7/25/62,lythrum salicaria,http://mam.ansp.org/image/MCA/Fullsize/0041/MCA0041808.jpg,invasive,,,,AV,11/12/25,Link Broken
TRUE,c58542b7-ffad-441c-8eb6-f7a12d1849db,united states,usa,WGS84,"{""lat"": 39.091804, ""lon"": -108.646985}",-108.646985,39.091804,1999,8/14/99,lythrum salicaria,https://api.idigbio.org/v2/media/adc8e3125b53492aad9d830d9c672aba?size=fullsize,invasive,122.7755,7.549,21.247,AV,11/16/25,"main (only) infl measured, bottom-most right leaf area measured (some herbivory - had to estimate leaf shape)"
TRUE,c5fe7074-901a-416a-bec1-fcd3423da192,united states,usa,WGS84,"{""lat"": 41.605, ""lon"": -72.88}",-72.88,41.605,1895,1895/07/20,lythrum salicaria,"https://images.collections.yale.edu/iiif/2/ypm:147bbc64-2db0-41a8-a279-e0c1fca4b7df/full/!1920,1920/0/default.jpg",invasive,,,,AV,11/16/25,no scale
TRUE,c6505773-0f4d-4c4d-9ac6-82d16280a730,norway,nor,WGS84,"{""lat"": 60.1285, ""lon"": 10.3589}",10.3589,60.1285,1957,8/18/57,lythrum salicaria,https://www.unimus.no/felles/bilder/web_hent_bilde.php?id=13445783&type=jpeg,native,119.8375,3.945,11.552,AV,11/16/25,"from the top of the picture, the first full, flat leaf on the right of the stem in the image was measured (folded, part had to be estimated), inflorescence on the right of the image measured"
TRUE,c6593f09-a4c2-4642-a436-1aedd115cf7e,united states,usa,WGS84,"{""lat"": 47.98411, ""lon"": -119.88834}",-119.88834,47.98411,2011,9/7/11,lythrum salicaria,https://www.pnwherbaria.org/images/jpeg.php?Image=SRP038465.jpg,invasive,124.2523,7.248,14.451,AV,11/16/25,"top infl on middle stem measured, on the right most stem, the third leaf from the bottom on the left side of the stem facing north (slightly east) was measured"
TRUE,c66ba3ed-71a7-4c27-a15b-ec17644fbfc6,netherlands,nld,WGS84,"{""lat"": 52.105593, ""lon"": 5.204742}",5.204742,52.105593,1945,7/22/45,lythrum salicaria,https://medialib.naturalis.nl/file/id/U.1362274/format/large,native,36.0015,5.24,15.379,AV,11/16/25,"from the end of the stem (top right of image), the first leaf on the left of the stem (based on the image) was measured, main infl on the left of the image was measured "
TRUE,c6a1ee18-300d-4ecc-9803-40beda8f30e9,united states,usa,WGS84,"{""lat"": 43.4518, ""lon"": -71.91815}",-71.91815,43.4518,1982,7/31/82,lythrum salicaria,https://neherbaria.org/imglib/cnh/UniversityofNewHampshire_NHA/NHA-726/NHA-726671.jpg,invasive,161.7595,10.389,33.528,AV,11/16/25,"on the main stem (middle), the the third large leaf on the left of the stem was measured, part was folded, so estimated (rest measured as is), the infl on the middle stem that extends to the bottom of the page was measured"
TRUE,c714a682-fd93-4a15-a464-1563609eb2a1,norway,nor,WGS84,"{""lat"": 59.7042, ""lon"": 11.4437}",11.4437,59.7042,1933,7/22/33,lythrum salicaria,https://www.unimus.no/felles/bilder/web_hent_bilde.php?id=13387382&type=jpeg,native,119.2506,13.251,41.312,AV,11/16/25,"leaf measured is at the break in the stem (top of image), top-most leaf pointing east on the right side of the stem, infll measured is the main infl on the left side of the image"
TRUE,c720a2e0-1b03-41a3-8614-b1c3fbad2bdf,united states,usa,WGS84,"{""lat"": 39.732207, ""lon"": -104.961468}",-104.961468,39.732207,1981,7/16/81,lythrum salicaria,https://intermountainbiota.org/imglib/h_seinet/seinet/KHD/KHD00045/KHD00045855_lg.jpg,invasive,111.5011,2.902,6.129,AV,11/16/25,"leaf measured is on the left stem, fifth leaf up from the bottom (pointing north west), infl on the right stem measured"
TRUE,c7494808-4151-40fa-8106-2998491df077,norway,nor,WGS84,"{""lat"": 59.6999, ""lon"": 10.242}",10.242,59.6999,2013,10/6/13,lythrum salicaria,https://www.unimus.no/felles/bilder/web_hent_bilde.php?id=14118533&type=jpeg,native,119.0002,15.301,18.597,AV,11/16/25,"top most leaf in the image pointing west was measured, infl measured starting at purple/brown infl slightly up the stem compared to the rest of the flowers"
TRUE,c7bf5916-9b50-436a-b1e2-411fca47bfb9,netherlands,nld,WGS84,"{""lat"": 52.015849, ""lon"": 5.350781}",5.350781,52.015849,1898,1898/08/01,lythrum salicaria,https://medialib.naturalis.nl/file/id/L.3331355/format/large,native,35.8752,2.346,13.356,AV,11/16/25,"leaf measured is on the second stem from the left, it is in the middle of the image of the leaf pointing north east (above other shriveled leaves), infl measured starts on the third stem from the left and crosses over at the end. "
TRUE,c82467b1-af1b-4779-b578-d715fe83a578,netherlands,nld,WGS84,"{""lat"": 52.147679, ""lon"": 4.547101}",4.547101,52.147679,1885,1885/07/17,lythrum salicaria,https://medialib.naturalis.nl/file/id/L.3331353/format/large,native,39,7.542,16.706,AV,11/16/25,"leaf measured is on the left stem and is the one pointing in the south west direction that is mostly visible, the infl measured is the infl on the top of the right stem "
TRUE,c82d6787-d82b-410b-9772-ca3c6749d51c,united states,usa,WGS84,"{""lat"": 42.761634, ""lon"": -70.798988}",-70.798988,42.761634,1978,7/6/78,lythrum salicaria,https://neherbaria.org/imglib/cnh/UniversityofNewHampshire_NHA/NHA-539/NHA-539594.jpg,invasive,117.8344,4.053,7.113,AV,11/17/25,"the infl measured is on the third branch from the right (after the break) and is pointing southwest, a lot of the leaves are shriveled, but the one measured is the rightmost leaf in the picture on the top of the main stem in the middle of the image"
TRUE,c83a42ce-9a4e-4142-a5df-cc8d386126df,united states,usa,WGS84,"{""lat"": 43.18869, ""lon"": -70.88452}",-70.88452,43.18869,1945,10/22/45,lythrum salicaria,https://neherbaria.org/imglib/cnh/UniversityofNewHampshire_NHA/NHA-706/NHA-706861.jpg,invasive,162.0123,2.64,8.914,AV,11/17/25,"the leaf measured is the third leaf up on the right on the first branch to the left off the main stem, the infl measured is the one on the main stem (the third when moving from left to right)"
TRUE,c8972bfa-2367-4b9c-b719-560b2c1c447d,netherlands,nld,WGS84,"{""lat"": 53.133633, ""lon"": 6.545255}",6.545255,53.133633,1959,8/2/59,lythrum salicaria,https://medialib.naturalis.nl/file/id/L.3708582/format/large,native,,,,AV,11/17/25,seedling
TRUE,c8cd9034-eb28-4342-92d4-0cd6fa18b87d,united states,usa,WGS84,"{""lat"": 42.89087, ""lon"": -72.45314}",-72.45314,42.89087,1971,5/29/71,lythrum salicaria,https://neherbaria.org/imglib/cnh/KeeneStateCollege_KESC/KESC04/KESC04999.jpg,invasive,143.0035,5.94,31.564,AV,11/17/25,"the leaf measured is at the top of the branch with no infl and is the second from the top, the infl measured is the one in the middle. "
TRUE,c92f6dc8-8fe1-46b2-9312-0758343c8582,netherlands,nld,WGS84,"{""lat"": 51.978639, ""lon"": 5.933022}",5.933022,51.978639,1924,7/1/24,lythrum salicaria,https://medialib.naturalis.nl/file/id/L.3331236/format/large,native,36.0001,7.11,15.038,AV,11/17/25,"main infl measured, leaf measured is the top most leaf pointing west (the bottom is slightly covered, so had to estimate)"
TRUE,c9dd2a83-0e2b-46ae-abf1-287ce8b2db71,united states,usa,WGS84,"{""lat"": 42.204, ""lon"": -72.5906}",-72.5906,42.204,1979,7/13/79,lythrum salicaria,https://storage.idigbio.org/wis/aquatic/v0305/v0305250WIS_lg.jpg,invasive,89.8372,10.925,17.916,AV,11/17/25,"main infl measured, leaf measured was second up on the right from the bottom (on the main stem). "
TRUE,c9e5b699-5b9b-40ca-b7b4-ca7e72b56363,netherlands,nld,WGS84,"{""lat"": 52.238915, ""lon"": 6.009409}",6.009409,52.238915,1897,1897/07/01,lythrum salicaria,https://medialib.naturalis.nl/file/id/L.3333024/format/large,native,36.188,10.308,21.905,AV,11/17/25,"infl measured is the one on the left, and the bottom most, left leaf on the left most stem"
TRUE,c9ef3f04-5ca3-4ff9-9a73-280759b9f7fd,united states,usa,WGS84,"{""lat"": 43.01408, ""lon"": -70.76224}",-70.76224,43.01408,1982,7/8/82,lythrum salicaria,https://neherbaria.org/imglib/cnh/UniversityofNewHampshire_NHA/NHA-706/NHA-706850.jpg,invasive,162.0095,11.535,12.44,AV,11/17/25,"the infl measured is the main one at the bottom of the image, the leaf measured is on the bottom of the stem (the bottom most leaf)"
TRUE,ca1b039c-7d68-46aa-b4cf-2df8e8c857e5,netherlands,nld,WGS84,"{""lat"": 51.922463, ""lon"": 4.478627}",4.478627,51.922463,1905,7/1/05,lythrum salicaria,https://medialib.naturalis.nl/file/id/L.3331140/format/large,native,36.0626,12.286,18.779,AV,11/17/25,The leaf measured is off the second main stem and is pointing northeast (it is slightly bent so estimations were needed). The infl measured is the one on the left most stem. 
TRUE,ca535386-014f-4876-8323-e4fabd1a2533,norway,nor,WGS84,"{""lat"": 59.4385, ""lon"": 10.662}",10.662,59.4385,1929,9/20/29,lythrum salicaria,https://www.unimus.no/felles/bilder/web_hent_bilde.php?id=13444286&type=jpeg,native,119.0005,8.6,14.511,AV,11/17/25,"middle infl measured, leaf measured was the left leaf in the second pair of leaves from the bottom of the left stem"
FALSE,caa0820d-87b9-4a75-b504-aedce489a93d,united states,usa,WGS84,"{""lat"": 40.704633, ""lon"": -75.527956}",-75.527956,40.704633,1973,8/23/73,lythrum salicaria,http://mam.ansp.org/image/MCA/Fullsize/0041/MCA0041856.jpg,invasive,,,,AV,11/17/25,Link Broken
TRUE,cac23c9d-1cb0-4d11-9a9f-e31ff0fd9988,netherlands,nld,WGS84,"{""lat"": 52.215267, ""lon"": 5.077367}",5.077367,52.215267,2011,8/11/11,lythrum salicaria,https://medialib.naturalis.nl/file/id/L.2073679/format/large,native,36.1671,10.079,35.913,AV,11/18/25,"large, flat leaf towards the bottom of the stem with a few holes was measured, only 1 infl which was the one that was measured"
TRUE,cb57a263-7ef1-4b2a-b101-f6a6edf85a2d,netherlands,nld,WGS84,"{""lat"": 52.303154, ""lon"": 5.115961}",5.115961,52.303154,1936,7/20/36,lythrum salicaria,https://medialib.naturalis.nl/file/id/L.3331090/format/large,native,36.0833,4.67,29.337,AV,11/18/25,"leaf measured is in the middle of the image (full and flat pointing north), infl measured is the one bending"
TRUE,cb7310de-bc05-41d5-97e3-b93efaa9a5fc,united states,usa,WGS84,"{""lat"": 41.634094, ""lon"": -87.091006}",-87.091006,41.634094,1961,7/20/61,lythrum salicaria,https://intermountainbiota.org/imglib/h_seinet/seinet/KHD/KHD00046/KHD00046076_lg.jpg,invasive,111.7503,6.837,23.63,AV,11/18/25,"leaf measured is second main leaf up from the bottom over the stem pointing upwards, infl measured detached from stem"
TRUE,cba487dd-eb1f-4ca9-8f32-14fc7ed4b3db,netherlands,nld,WGS84,"{""lat"": 52.015849, ""lon"": 5.350781}",5.350781,52.015849,1898,1898/08/01,lythrum salicaria,https://medialib.naturalis.nl/file/id/L.3331354/format/large,native,36.0833,3.588,12.84,AV,11/18/25,"lefmost infl measured, leaf measured is the bottom left most leaf on the middle stem (third from left)"
TRUE,cba8db85-408f-46de-89a9-bdf65fbb0ff8,united states,usa,WGS84,"{""lat"": 45.59541, ""lon"": -92.11296}",-92.11296,45.59541,2010,7/22/10,lythrum salicaria,https://midwestherbaria.org/imglib/storage/portals/seinet/midwest/UWSP/UWSP-V-0010/d33ef4d2e4e8664eb5e1b15df6da26_1527787243_lg.jpg,invasive,81.1668,7.67,27.278,AV,11/18/25,"leaf measured is the lower of the two leafs in the middle of the stem on the right (part was missing so bottom was estimated), main infl measured (based on sight from first purple flower)"
TRUE,cbb98576-df34-4843-a929-b9512c775220,united states,usa,WGS84,"{""lat"": 40.406281, ""lon"": -74.97646}",-74.97646,40.406281,1897,1897/08/14,lythrum salicaria,https://storage.idigbio.org/wis/aquatic/v0305/v0305271WIS_lg.jpg,invasive,90.25,16.287,12.512,AV,11/18/25,"the largest leaf was much larger than the other, but was broken and folded, so it was estimated, the infl measured is the one in the middle that is folded"
TRUE,cc04011f-84a7-4e7a-abca-55b752e03257,netherlands,nld,WGS84,"{""lat"": 52.779324, ""lon"": 5.053722}",5.053722,52.779324,1964,8/14/64,lythrum salicaria,https://medialib.naturalis.nl/file/id/L.3331271/format/large,native,36.1667,11.406,8.185,AV,11/18/25,"second leaf on the right measured, only 1 infl, so that is the one measured"
TRUE,cc086c4a-142f-47e3-ba7f-5b517a5a753e,netherlands,nld,WGS84,"{""lat"": 51.970185, ""lon"": 5.801946}",5.801946,51.970185,1917,7/12/17,lythrum salicaria,https://medialib.naturalis.nl/file/id/L.3331238/format/large,native,35.625,8.752,24.38,AV,11/18/25,"bottom left leaf on right stem measured, infl measured on right stem measured"
TRUE,cc32ba38-b188-468b-b510-29ab719c2e2e,norway,nor,WGS84,"{""lat"": 59.7387, ""lon"": 11.8049}",11.8049,59.7387,1998,7/26/98,lythrum salicaria,https://www.unimus.no/felles/bilder/web_hent_bilde.php?id=13420220&type=jpeg,native,119.0005,6.765,18.984,AV,11/18/25,"infl measured is the only one in the picture, leaf measured is the leaf on the top of the left part of the stem before the break pointing in the northwest direction"
TRUE,ccd63f31-7bcf-4611-83ae-52aea86103be,norway,nor,WGS84,"{""lat"": 58.6402, ""lon"": 9.1576}",9.1576,58.6402,1936,7/29/36,lythrum salicaria,https://www.unimus.no/felles/bilder/web_hent_bilde.php?id=13386539&type=jpeg,native,119.5,7.02,9.862,AV,11/18/25,"infl measured is the tallest in the middle of the image, leaf measured is in the middle of the stem on the left side and has some herbivory on the right side (the leaf side on the right is partially covered but it is larger tan the next largest leaf, so part was estimated)."
FALSE,ccea13e4-a019-44da-b2a6-737fca98579c,united states,usa,WGS84,"{""lat"": 40.662041, ""lon"": -75.491017}",-75.491017,40.662041,1979,8/20/79,lythrum salicaria,http://mam.ansp.org/image/MCA/Fullsize/0041/MCA0041865.jpg,invasive,,,,AV,11/18/25,Link Broken
FALSE,cd0de65d-3ccf-4357-add4-4913730a4a56,united states,usa,WGS84,"{""lat"": 41.41667, ""lon"": -79.76667}",-79.76667,41.41667,1996,8/23/96,lythrum salicaria,http://mam.ansp.org/image/CM/Fullsize/477/CM477428.jpg,invasive,,,,AV,11/18/25,Link Broken
TRUE,cdd0bda6-1846-4655-b47e-3b5b1da59515,united states,usa,WGS84,"{""lat"": 42.37651, ""lon"": -71.11736}",-71.11736,42.37651,1891,1891/08/26,lythrum salicaria,http://nansh.org/imglib/seinet/nansh/VT/UVMVT126/UVMVT126345.jpg,invasive,119.5,1.683,9.953,AV,11/18/25,"infl measured was in the middle, the leaf measured was the leaf just below the first flower on the middle stem since a lot of the other leaves at the bottom were not flat or whole"
TRUE,cdddebd8-1de5-43ee-9e6c-29f529bebde3,netherlands,nld,WGS84,"{""lat"": 53.177805, ""lon"": 6.621237}",6.621237,53.177805,1930,6/27/30,lythrum salicaria,https://medialib.naturalis.nl/file/id/L.3331268/format/large,native,35.0837,5.199,22.406,AV,11/18/25,"infl measured is the main one in the image, leaf measured was the bottom most leaf on the right side of the stem"
TRUE,cdf22828-dee3-4afd-84d7-7b4cbba32e8b,united states,usa,WGS84,"{""lat"": 39.026592, ""lon"": -76.799134}",-76.799134,39.026592,2016,7/1/16,lythrum salicaria,https://api.idigbio.org/v2/media/3f908a7554cfdc76aca5cac4875f92cc,invasive,174.0029,1.804,11.54,AV,11/18/25,"the leaf measured is the third leaf from the bottom on the left side of the right stem, pointing west, the infl measured was the first one to the left that was curved after the bunch of stems and was measured from the piece of tape "
TRUE,ce0dc1ff-a965-461b-aaf9-201868558ba0,netherlands,nld,WGS84,"{""lat"": 51.83362, ""lon"": 4.625504}",4.625504,51.83362,1884,1884/06/23,lythrum salicaria,https://medialib.naturalis.nl/file/id/L.3332958/format/large,native,41.0837,9.649,3.685,AV,11/18/25,"leaf measured is on the left most stem and is the most complete leaf at the top of the stem, the infl measured is at the top of the middle stem"
TRUE,ce3910c9-6047-46f4-92db-127cc0d2b032,netherlands,nld,WGS84,"{""lat"": 51.688214, ""lon"": 4.411015}",4.411015,51.688214,1962,7/30/62,lythrum salicaria,https://medialib.naturalis.nl/file/id/L.3331174/format/large,native,36.1251,17.074,28.481,AV,11/18/25,"leaf measured is the bottom leaf on the left of the right stem, infl on the right stem measured"
TRUE,ce3ec532-4935-4a44-85e5-97c05ec8eba0,united states,usa,WGS84,"{""lat"": 43.459619, ""lon"": -71.182575}",-71.182575,43.459619,2015,8/29/15,lythrum salicaria,https://neherbaria.org/imglib/cnh/UniversityofNewHampshire_NHA/NHA-655/NHA-0655509.jpg,invasive,160.8202,5.637,23.68,AV,11/18/25,"leaf measured is third one down from the initial break in the stem pointing upwards on the right side of the stem, the infl measured is the middle infl"
TRUE,cf1e768e-a580-41c0-aa87-dd7c29b0d099,netherlands,nld,WGS84,"{""lat"": 52.463175, ""lon"": 4.688253}",4.688253,52.463175,1977,7/28/77,lythrum salicaria,https://medialib.naturalis.nl/file/id/L.3331193/format/large,native,37.417,6.622,3.479,AV,11/18/25,"the leaf measured is on the main stem about halfway up and is partly folded, but the other leaves were also covered (not a great leaf sample), infl measured is at the top of the middle stem"
TRUE,cfb669a1-7394-4af5-b714-6e25dc5fa8e7,norway,nor,WGS84,"{""lat"": 59.314, ""lon"": 11.102}",11.102,59.314,1950,7/25/50,lythrum salicaria,https://www.unimus.no/felles/bilder/web_hent_bilde.php?id=13436596&type=jpeg,native,118.8335,6.537,10.52,AV,11/18/25,"main infl measured, leaf measured is the bottom most leaf on the left side of the stem"
TRUE,cff6462e-c1c5-4cbe-83ad-eb383d786ece,united states,usa,WGS84,"{""lat"": 42.2851852, ""lon"": -83.725441}",-83.725441,42.2851852,1940,7/13/40,lythrum salicaria,https://quod.lib.umich.edu/cgi/i/image/api/image/herb00ic:1355531:MICH-V-1355531/full/res:0/0/native.jpg,invasive,120.001,4.738,19.884,AS,11/4/25,#NAME?
TRUE,d043ffa5-1e2a-4bac-944f-1c61b80c4066,norway,nor,WGS84,"{""lat"": 59.7903, ""lon"": 10.2338}",10.2338,59.7903,2013,8/30/13,lythrum salicaria,https://www.unimus.no/felles/bilder/web_hent_bilde.php?id=14118500&type=jpeg,native,77.3341,5.568,39.643,AS ,11/4/25,#NAME?
TRUE,d05d325c-aed7-4f40-8e50-f4f8d40bbea9,united states,usa,WGS84,"{""lat"": 40.6083833333, ""lon"": -79.71933}",-79.71933,40.60838333,2018,8/15/18,lythrum salicaria,http://mam.ansp.org/image/CM/Fullsize/551/CM551495.jpg,invasive,,,,AS,11/4/25,Link Broken 
TRUE,d12a281c-b8dc-42c0-a4df-1911f5037d9d,netherlands,nld,WGS84,"{""lat"": 52.060548, ""lon"": 5.146599}",5.146599,52.060548,1957,8/2/57,lythrum salicaria,https://medialib.naturalis.nl/file/id/U.1362230/format/large,native,35.2502,4.951,14.484,AS,11/4/25,Longest inflorence picked and leaf bottom of the longest inflore flat and semi isolated 
TRUE,d1804125-18d0-41aa-8034-4673c4374997,norway,nor,WGS84,"{""lat"": 59.0117, ""lon"": 9.9146}",9.9146,59.0117,2003,6/24/03,lythrum salicaria,https://www.unimus.no/felles/bilder/web_hent_bilde.php?id=13450453&type=jpeg,native,117.0011,8.122,,AS,11/4/25,No Inflorences 
TRUE,d1c8e513-bc51-4236-9b8e-2f59f31d6e70,netherlands,nld,WGS84,"{""lat"": 53.40884, ""lon"": 5.424782}",5.424782,53.40884,1965,6/12/65,lythrum salicaria,https://medialib.naturalis.nl/file/id/U.1362223/format/large,native,34.7509,4.45,17.388,AS,11/14/25,
TRUE,d1d60c33-b626-4072-98bf-bcef2a9e305f,united states,usa,WGS84,"{""lat"": 43.5228, ""lon"": -116.6294}",-116.6294,43.5228,2001,10/3/01,lythrum salicaria,https://www.pnwherbaria.org/images/jpeg.php?Image=CIC057506.jpg,invasive,126.004,5.463,15.384,AS,11/14/25,
TRUE,d1e2c8b6-1ac6-402d-a60c-a32b7d1edb3a,united states,usa,WGS84,"{""lat"": 43.202626, ""lon"": -90.439396}",-90.439396,43.202626,2004,8/14/04,lythrum salicaria,http://sweetgum.nybg.org/images3/2038/311/02058497.jpg,invasive,183.0109,5.518,8.948,AS,11/14/25,
TRUE,d1fe492f-5a15-49ef-9e07-2685f09b5446,netherlands,nld,WGS84,"{""lat"": 52.192614, ""lon"": 4.546254}",4.546254,52.192614,1970,8/12/70,lythrum salicaria,https://medialib.naturalis.nl/file/id/L.3331200/format/large,native,35.5009,9.545,16.41,AS,11/14/25,
TRUE,d2108211-cce5-4058-ba8d-194d44ccfe9f,netherlands,nld,WGS84,"{""lat"": 52.727789, ""lon"": 6.682519}",6.682519,52.727789,1859,1859/07/10,lythrum salicaria,https://medialib.naturalis.nl/file/id/L.3331033/format/large,native,35.8333,5.08,30.63,AS,11/14/25,
TRUE,d2229072-fda5-4248-9c46-0e810bffce24,norway,nor,WGS84,"{""lat"": 60.072, ""lon"": 10.309}",10.309,60.072,1937,8/4/37,lythrum salicaria,https://www.unimus.no/felles/bilder/web_hent_bilde.php?id=13445774&type=jpeg,native,118.0042,3.57,18.39,AS,11/14/25,
TRUE,d27d2880-22a5-4276-8876-38809fb99484,united states,usa,WGS84,"{""lat"": 40.881997, ""lon"": -77.793948}",-77.793948,40.881997,2002,8/14/02,lythrum salicaria,http://mam.ansp.org/image/CM/Fullsize/526/CM526728.jpg,invasive,,,,AS,11/14/25,Link Broken
TRUE,d28c2e61-a00f-4e52-9cb3-4b21d1fb9800,netherlands,nld,WGS84,"{""lat"": 53.072938, ""lon"": 4.763288}",4.763288,53.072938,1902,8/5/02,lythrum salicaria,https://medialib.naturalis.nl/file/id/L.3331285/format/large,native,36.1682,1.983,8.119,AS,11/14/25,
TRUE,d2b22eec-c0d4-4aa3-9331-009e3f6bcc2b,united states,usa,WGS84,"{""lat"": 42.68224, ""lon"": -70.83224}",-70.83224,42.68224,1950,7/20/50,lythrum salicaria,https://neherbaria.org/imglib/cnh/UniversityofNewHampshire_NHA/NHA-726/NHA-726675.jpg,invasive,158.0285,4.89,8.388,AS,11/14/25,
TRUE,d2c227bd-d371-4a5f-ae27-dfff808ea039,united states,usa,WGS84,"{""lat"": 40.722694, ""lon"": -75.190176}",-75.190176,40.722694,1948,7/20/48,lythrum salicaria,http://mam.ansp.org/image/CHRB/Fullsize/0001/CHRB0001072.jpg,invasive,,,,AS,11/15/25,Link Broken
TRUE,d371b763-4c8e-49f1-a2e0-7030aaacc086,netherlands,nld,WGS84,"{""lat"": 52.1041, ""lon"": 4.766865}",4.766865,52.1041,1941,8/12/41,lythrum salicaria,https://medialib.naturalis.nl/file/id/L.3331299/format/large,native,35.5,11.538,13.062,,11/15/25,
TRUE,d41aff53-c7e0-4621-9c03-5b591e7a09eb,united states,usa,WGS84,"{""lat"": 42.38867, ""lon"": -71.54648}",-71.54648,42.38867,1977,8/6/77,lythrum salicaria,https://neherbaria.org/imglib/cnh/UniversityofNewHampshire_NHA/NHA-701/NHA-701483.jpg,invasive,164.0488,3.688,36.151,AS,11/15/25,
TRUE,d48b43a5-415f-4458-939c-7b138510cd30,united states,usa,WGS84,"{""lat"": 42.388657, ""lon"": -79.492319}",-79.492319,42.388657,1998,7/25/98,lythrum salicaria,http://mam.ansp.org/image/CM/Fullsize/483/CM483760.jpg,invasive,,,,AS,11/15/25,Link Broken
TRUE,d48c842f-04e6-421b-b536-2944ce45f8fa,united states,usa,WGS84,"{""lat"": 41.58006, ""lon"": -73.49918}",-73.49918,41.58006,1994,9/15/94,lythrum salicaria,https://neherbaria.org/imglib/cnh/WesternConnecticutStateUniversity_WCSU/WCSU-02/WCSU-02609.jpg,invasive,139.0036,5.788,9.115,AS,11/15/25,
TRUE,d4b31211-444e-4573-9c11-d52b7404a431,united states,usa,WGS84,"{""lat"": 41.20694, ""lon"": -73.43989}",-73.43989,41.20694,1923,8/27/23,lythrum salicaria,https://neherbaria.org/imglib/cnh/WiltonGardenClub_WGCH/WGCH-00001/WGCH-00001241.jpg,invasive,125.016,2.196,14.64,AS,11/15/25,
TRUE,d4e440a3-db57-4052-a48c-6f1a6c90d763,united states,usa,WGS84,"{""lat"": 36.231098, ""lon"": -81.696372}",-81.696372,36.231098,1956,7/1/56,lythrum salicaria,https://sernecportal.org/imglib/seinet/sernec/NCU_VascularPlants/NCU00116/NCU00116794_01.JPG,invasive,117.0043,11.63,16.727,AS,11/15/25,
TRUE,d5e9c348-4007-4cfd-9827-57a91a4c245a,netherlands,nld,WGS84,"{""lat"": 51.876944, ""lon"": 4.406931}",4.406931,51.876944,1962,8/29/62,lythrum salicaria,https://medialib.naturalis.nl/file/id/L.3331352/format/large,native,35.6667,12.589,32.589,AS,11/15/25,
TRUE,d5fa7ae0-2e23-497f-8196-b515f8bed074,norway,nor,WGS84,"{""lat"": 59.9231, ""lon"": 10.6546}",10.6546,59.9231,1900,8/29/00,lythrum salicaria,https://www.unimus.no/felles/bilder/web_hent_bilde.php?id=13386978&type=jpeg,native,,,,AS,11/15/25,Link Broken
TRUE,d650a636-9cda-4489-86ee-661156d10aa7,united states,usa,WGS84,"{""lat"": 40.622324, ""lon"": -75.482632}",-75.482632,40.622324,1948,7/31/48,lythrum salicaria,http://mam.ansp.org/image/MCA/Fullsize/0041/MCA0041861.jpg,invasive,114,7.022,13.684,AS,11/15/25,
TRUE,d66ab16c-10eb-4c0f-9ed4-df3b43450f16,netherlands,nld,WGS84,"{""lat"": 52.417488, ""lon"": 4.571379}",4.571379,52.417488,1968,7/4/68,lythrum salicaria,https://medialib.naturalis.nl/file/id/L.3331233/format/large,native,35.5,4.89,16.466,AS,11/15/25,
TRUE,d66b11cb-b1da-4ec8-8907-51936f7780f5,united states,usa,WGS84,"{""lat"": 39.89278, ""lon"": -75.19556}",-75.19556,39.89278,1898,1898/06/12,lythrum salicaria,https://mam.ansp.org/image/PH/Fullsize/00449/PH00449154.jpg,invasive,,,,AS,11/15/25,Link Broken
TRUE,d68762b5-df58-4bba-9c50-6f043f8ff100,norway,nor,WGS84,"{""lat"": 59.323, ""lon"": 11.7711}",11.7711,59.323,2006,8/19/06,lythrum salicaria,https://www.unimus.no/felles/bilder/web_hent_bilde.php?id=13422661&type=jpeg,native,114,6.87,7.78,AS,11/15/25,
TRUE,d6dfd887-0f34-4bfb-a304-1ad77e117b37,united states,usa,WGS84,"{""lat"": 41.931463, ""lon"": -86.349102}",-86.349102,41.931463,1976,8/21/76,lythrum salicaria,https://midwestherbaria.org/imglib/storage/uwm/aquatic/UWM0012/UWM0012384_lg.jpg,invasive,59,3.699,14.171,AS,11/16/25,
TRUE,d728fedd-858c-4656-90f8-9a94cb34f711,netherlands,nld,WGS84,"{""lat"": 53.048079, ""lon"": 4.827953}",4.827953,53.048079,1857,1857/07/06,lythrum salicaria,https://medialib.naturalis.nl/file/id/L.3331084/format/large,native,36.5004,5.364,23.064,AS,11/16/25,
TRUE,d774ba16-7e22-494a-9a2e-4ddfd7e9f2f5,united states,usa,WGS84,"{""lat"": 43.098284, ""lon"": -87.90448}",-87.90448,43.098284,1979,8/5/79,lythrum salicaria,https://midwestherbaria.org/imglib/storage/uwm/aquatic/UWM0012/UWM0012394_lg.jpg,invasive,59.0021,4.976,46.697,AS,11/16/25,
TRUE,d7c4e27c-6585-458a-bd28-29b0bfe12e98,united states,usa,WGS84,"{""lat"": 41.651315, ""lon"": -70.827827}",-70.827827,41.651315,1980,7/5/80,lythrum salicaria,https://storage.idigbio.org/wis/aquatic/v0305/v0305258WIS_lg.jpg,invasive,89.0225,4.63,22.883,AS,11/16/25,
TRUE,d83e9f02-d123-49e3-9267-5087ae091fc5,united states,usa,WGS84,"{""lat"": 40.462495, ""lon"": -76.143225}",-76.143225,40.462495,1959,7/22/59,lythrum salicaria,https://mam.ansp.org/image/PH/Fullsize/00449/PH00449113.jpg,invasive,,,,AS,11/16/25,Link Broken
TRUE,d8a3f884-9789-4678-b854-812d03e83e8a,norway,nor,WGS84,"{""lat"": 59.7062, ""lon"": 9.853}",9.853,59.7062,1943,8/7/43,lythrum salicaria,https://www.unimus.no/felles/bilder/web_hent_bilde.php?id=13445784&type=jpeg,native,117.0011,6.57,10.273,AS,11/16/25,
TRUE,d8b3d8fe-ec58-44b4-bda6-982ce604796a,netherlands,nld,WGS84,"{""lat"": 52.055373, ""lon"": 4.257221}",4.257221,52.055373,1902,7/22/02,lythrum salicaria,https://medialib.naturalis.nl/file/id/L.3331338/format/large,native,36.6727,5.049,16,AS,11/16/25,
TRUE,d978eb7c-4604-49c0-b0ac-91b85b23638b,united states,usa,WGS84,"{""lat"": 43.606902, ""lon"": -88.165218}",-88.165218,43.606902,1993,7/30/93,lythrum salicaria,https://midwestherbaria.org/imglib/storage/uwm/aquatic/UWM0012/UWM0012395_lg.jpg,invasive,62.502,2.35,23.799,AS,11/16/25,
TRUE,d97d781c-b280-4b9f-a56c-986b3b5a1585,netherlands,nld,WGS84,"{""lat"": 51.789531, ""lon"": 4.771193}",4.771193,51.789531,1959,9/1/59,lythrum salicaria,https://medialib.naturalis.nl/file/id/WAG.1071141/format/large,native,26.5047,8.689,32.468,AS,11/16/25,
TRUE,d9b6c9d3-34de-464a-98d6-dbec81392109,united states,usa,WGS84,"{""lat"": 46.694953, ""lon"": -91.991623}",-91.991623,46.694953,1980,7/11/80,lythrum salicaria,https://midwestherbaria.org/imglib/storage/uwl/aquatic/UWL0000/UWL0000032_lg.jpg,invasive,90,6.373,21.663,AS,11/16/25,
TRUE,d9bcd4d1-f3d4-4b27-81be-4b1035419a8d,united states,usa,WGS84,"{""lat"": 42.771951, ""lon"": -76.707114}",-76.707114,42.771951,1915,7/26/15,lythrum salicaria,http://mam.ansp.org/image/CM/Fullsize/178/CM178990.jpg,invasive,,,,AS,11/16/25,Link Broken
TRUE,da0dcf28-ec3d-4f8b-b085-ae1281c255d2,united states,usa,WGS84,"{""lat"": 40.422604, ""lon"": -75.066282}",-75.066282,40.422604,1899,1899/07/04,lythrum salicaria,https://mam.ansp.org/image/PH/Fullsize/00449/PH00449188.jpg,invasive,,,,AS,11/16/25,Link Broken
TRUE,da5d3556-28ee-494d-a3ac-6acc80dd5ad8,netherlands,nld,WGS84,"{""lat"": 53.04841, ""lon"": 5.871864}",5.871864,53.04841,1868,1868/07/22,lythrum salicaria,https://medialib.naturalis.nl/file/id/L.3331166/format/large,native,38,2.556,13.847,AS,11/17/25,
TRUE,daa91f35-1544-4eac-9fb6-d1161aa39d77,united states,usa,WGS84,"{""lat"": 44.72645, ""lon"": -69.81317}",-69.81317,44.72645,2002,8/8/02,lythrum salicaria,https://neherbaria.org/imglib/cnh/UniversityofMaine_MAINE/MAINE00036/MAINE00036594.jpg,invasive,123.0163,6.996,47.315,AS,11/17/25,
TRUE,dac362d3-2e68-4103-b3af-c190cfb71a3c,united states,usa,WGS84,"{""lat"": 40.744954, ""lon"": -73.80636}",-73.80636,40.744954,1986,7/15/86,lythrum salicaria,https://storage.idigbio.org/wis/aquatic/v0305/v0305268WIS_lg.jpg,invasive,90.0056,2.69,27.533,AS,11/17/25,
TRUE,db112ef4-d6f8-4176-bb36-846c0d7d8d16,united states,usa,WGS84,"{""lat"": 39.01665, ""lon"": -104.27572}",-104.27572,39.01665,2024,7/25/24,lythrum salicaria,https://intermountainbiota.org/imglib/seinet/swnode/DBG_KHD/KHD00083/KHD00083054.jpg,invasive,119.2686,3.161,16.846,AS,11/17/25,
TRUE,db1291d2-0b1a-4303-8a05-cf2a7a346659,united states,usa,WGS84,"{""lat"": 38.611548, ""lon"": -83.209308}",-83.209308,38.611548,1982,8/3/82,lythrum salicaria,https://sernecportal.org/imglib/seinet/sernec/NCU_VascularPlants/NCU00116/NCU00116784_01.JPG,invasive,116.0043,5.121,30.496,AS,11/17/25,
TRUE,db1379e5-9765-4718-b83c-18979b8840e8,united states,usa,WGS84,"{""lat"": 41.40136, ""lon"": -73.47053}",-73.47053,41.40136,1989,9/11/89,lythrum salicaria,https://neherbaria.org/imglib/cnh/WesternConnecticutStateUniversity_WCSU/WCSU-02/WCSU-02606.jpg,invasive,142.022,4.844,19.294,AS,11/17/25,
TRUE,dbb9c6d3-4e7e-49f4-8930-697659c60a86,netherlands,nld,WGS84,"{""lat"": 51.566293, ""lon"": 5.206914}",5.206914,51.566293,1921,8/1/21,lythrum salicaria,https://medialib.naturalis.nl/file/id/U.1362271/format/large,native,35.7509,6.913,19.143,AS,11/17/25,
TRUE,dbbefee5-2ebe-4141-9661-33aaf9f5eda8,netherlands,nld,WGS84,"{""lat"": 53.150852, ""lon"": 6.620465}",6.620465,53.150852,1959,6/23/59,lythrum salicaria,https://medialib.naturalis.nl/file/id/L.3708583/format/large,native,,,,AS,11/17/25,Seedling told not to measure 
TRUE,dc0ace8c-8876-4d35-b76c-27349510e0aa,united states,usa,WGS84,"{""lat"": 43.06952, ""lon"": -70.68369}",-70.68369,43.06952,2006,8/18/06,lythrum salicaria,https://neherbaria.org/imglib/cnh/UniversityofNewHampshire_NHA/NHA-554/NHA-554194.jpg,invasive,121,1.229,8.873,AS,11/17/25,
TRUE,dc112393-a853-4216-a464-dc2384471a7d,norway,nor,WGS84,"{""lat"": 59.5255, ""lon"": 10.3151}",10.3151,59.5255,1940,6/16/40,lythrum salicaria,https://www.unimus.no/felles/bilder/web_hent_bilde.php?id=13445801&type=jpeg,native,114,5.198,3.19,AS,11/17/25,
TRUE,dc2494c3-01af-472f-9680-c61730a11b36,norway,nor,WGS84,"{""lat"": 59.7522, ""lon"": 10.2724}",10.2724,59.7522,2015,8/27/15,lythrum salicaria,https://www.unimus.no/felles/bilder/web_hent_bilde.php?id=14998078&type=jpeg,native,118,7.591,12.752,AS,11/17/25,
TRUE,dc3f30f6-db14-460f-b72d-2fd61f67321e,united states,usa,WGS84,"{""lat"": 35.195434, ""lon"": -79.469477}",-79.469477,35.195434,2010,7/2/10,lythrum salicaria,https://sernecportal.org/imglib/seinet/sernec/NCU_VascularPlants/NCU00116/NCU00116894_01.JPG,invasive,116.0043,22.466,,AS,11/17/25,NO INFLORESCENCES
TRUE,dc7df323-790c-4aff-a876-f2cbbe6c2b09,norway,nor,WGS84,"{""lat"": 59.7478, ""lon"": 10.2634}",10.2634,59.7478,1964,9/13/64,lythrum salicaria,https://www.unimus.no/felles/bilder/web_hent_bilde.php?id=13445772&type=jpeg,native,116,3.225,15.732,AS,11/17/25,
TRUE,dcda68a3-b427-4b10-95e4-8a2f61f3c42b,netherlands,nld,WGS84,"{""lat"": 51.925026, ""lon"": 5.859682}",5.859682,51.925026,1833,1833/07/25,lythrum salicaria,https://medialib.naturalis.nl/file/id/L.3332953/format/large,native,35.8333,4.764,27.057,AS,11/17/25,
TRUE,dd2cead7-bc96-40b4-8f06-d4f5757dc925,united states,usa,WGS84,"{""lat"": 42.387468, ""lon"": -71.016504}",-71.016504,42.387468,1982,9/19/82,lythrum salicaria,https://intermountainbiota.org/imglib/h_seinet/seinet/KHD/KHD00046/KHD00046074_lg.jpg,invasive,106.0189,3.585,11.191,AS,11/17/25,
TRUE,dd6092f1-9230-49b5-9c2f-3c89e77a8e94,netherlands,nld,WGS84,"{""lat"": 52.37285, ""lon"": 4.616257}",4.616257,52.37285,1970,9/22/70,lythrum salicaria,https://medialib.naturalis.nl/file/id/L.3331211/format/large,native,35.8337,3.622,4.939,AS,11/17/25,
TRUE,dd668c54-2ab6-4cf3-8ee8-ee59e68de705,netherlands,nld,WGS84,"{""lat"": 52.013083, ""lon"": 6.19564}",6.19564,52.013083,1942,1/1/42,lythrum salicaria,https://medialib.naturalis.nl/file/id/L.3331036/format/large,native,35.3337,12.596,15.853,AS,11/17/25,
TRUE,dd8c5e80-14f3-40b5-bcf7-accdf3aec17d,netherlands,nld,WGS84,"{""lat"": 51.88098, ""lon"": 5.278273}",5.278273,51.88098,1974,7/22/74,lythrum salicaria,https://medialib.naturalis.nl/file/id/U.1362242/format/large,native,35.5,15.684,15.359,AS,11/18/25,
TRUE,de109116-a0d7-4a61-a7ff-37c20529408c,netherlands,nld,WGS84,"{""lat"": 51.738623, ""lon"": 5.922628}",5.922628,51.738623,1938,9/4/38,lythrum salicaria,https://medialib.naturalis.nl/file/id/L.3331136/format/large,native,35.625,5.797,18.407,AS,11/18/25,
TRUE,de16df19-8f08-41fd-9686-ab3c9082bd43,norway,nor,WGS84,"{""lat"": 59.4027, ""lon"": 8.4893}",8.4893,59.4027,1898,1898/07/20,lythrum salicaria,https://www.unimus.no/felles/bilder/web_hent_bilde.php?id=13445806&type=jpeg,native,117.5011,5.278,13.143,AS,11/18/25,
TRUE,de7737af-5188-48e3-8517-1cee9ec14cea,netherlands,nld,WGS84,"{""lat"": 52.10505, ""lon"": 4.985799}",4.985799,52.10505,1976,8/9/76,lythrum salicaria,https://medialib.naturalis.nl/file/id/L.3331273/format/large,native,36.0015,1.301,14.293,AS,11/18/25,
TRUE,de8218d7-ea89-4bd3-b718-d227fd844eae,united states,usa,WGS84,"{""lat"": 44.12967, ""lon"": -69.24492}",-69.24492,44.12967,1988,7/17/88,lythrum salicaria,https://neherbaria.org/imglib/cnh/UniversityofMaine_MAINE/MAINE00036/MAINE00036788.jpg,invasive,128.0156,4.515,16.498,AS,11/18/25,
TRUE,df08f2a2-cdb0-45c4-b0f6-052f038f9e17,netherlands,nld,WGS84,"{""lat"": 52.670723, ""lon"": 5.926815}",5.926815,52.670723,1953,7/14/53,lythrum salicaria,https://medialib.naturalis.nl/file/id/L.3331127/format/large,native,35.75,14.892,16.127,JV,11/18/25,"Leaf chosen on left plant part, on the right, second from the bottom."
TRUE,df3708cc-d250-4197-9cb2-4cfaf6b30537,norway,nor,WGS84,"{""lat"": 59.8893, ""lon"": 10.8317}",10.8317,59.8893,1896,1896/07/19,lythrum salicaria,https://www.unimus.no/felles/bilder/web_hent_bilde.php?id=13387084&type=jpeg,native,119,11.735,19.159,JV,11/18/25,Largest leaf on the bottom right. Inflorescence began at the flower before the first purple one. 
TRUE,dfa5463f-31e3-4042-a3af-ab8cf20135cf,united states,usa,WGS84,"{""lat"": 42.762634, ""lon"": -104.445403}",-104.445403,42.762634,1997,9/1/97,lythrum salicaria,https://ngpherbaria.org/imglib/seinet/ngph/CSCN/CSCN-V-0048/CSCN-V-0048480_lg.jpg,invasive,101.0445,7.301,21.965,JV,11/18/25,"Leaf chosen on right plant part, two down from the inflorescence on the right. "
TRUE,dfd49d6a-faac-449e-94ee-479d8213f244,norway,nor,WGS84,"{""lat"": 59.1869, ""lon"": 10.9515}",10.9515,59.1869,2005,9/25/05,lythrum salicaria,https://www.unimus.no/felles/bilder/web_hent_bilde.php?id=13425462&type=jpeg,native,118,4.315,14.489,JV,11/18/25,"Right leaf on the right plant, third from the bottom chosen. Rightmost inflorescence was longest."
TRUE,dff4457a-4ec1-4dfe-9c1a-c893cf96f747,united states,usa,WGS84,"{""lat"": 42.12532, ""lon"": -72.65024}",-72.65024,42.12532,1998,8/13/98,lythrum salicaria,https://neherbaria.org/imglib/cnh/WestfieldStateUniversity_WSCH/WSCH002/WSCH002907.jpg,invasive,122.0041,1.943,19.59,AS,11/18/25,
FALSE,e0aada8e-5709-48aa-a0b5-0bfc0831b95a,united states,usa,WGS84,"{""lat"": 43.07392, ""lon"": -72.40737}",-72.40737,43.07392,1971,7/7/71,lythrum salicaria,https://neherbaria.org/imglib/cnh/KeeneStateCollege_KESC/KESC04/KESC04992.jpg,invasive,142.0141,15.137,9.252,AS,11/18/25,
TRUE,e142bb93-c652-4edc-b9d6-d6d2109fd362,united states,usa,WGS84,"{""lat"": 42.832542, ""lon"": -100.527611}",-100.527611,42.832542,1997,8/7/97,lythrum salicaria,https://ngpherbaria.org/imglib/seinet/ngph/CSCN/CSCN-V-0048/CSCN-V-0048456_lg.jpg,invasive,101.6863,12.357,12.141,AV,11/18/25,"tall middle infl measured, from first visible bud, first leaf on the left of the main stem measured"
TRUE,e16a5e44-b41a-4e7b-abf5-43118ad9b129,united states,usa,WGS84,"{""lat"": 40.171299, ""lon"": -74.714983}",-74.714983,40.171299,1983,5/4/83,lythrum salicaria,http://mam.ansp.org/image/CHRB/Fullsize/0001/CHRB0001085.jpg,invasive,,,,AS,11/18/25,Link Broken
TRUE,e1b777e9-81ab-4d2b-94a2-8e586773ec31,netherlands,nld,WGS84,"{""lat"": 52.128815, ""lon"": 4.43062}",4.43062,52.128815,1959,8/6/59,lythrum salicaria,https://medialib.naturalis.nl/file/id/L.3331264/format/large,native,36.2519,4.788,13.913,AV,11/18/25,"bottom left leaf on left stem measured, left infl measured"
TRUE,e203168e-22b6-4a8d-8cf3-c126c8d4738d,united states,usa,WGS84,"{""lat"": 37.1446, ""lon"": -112.5483}",-112.5483,37.1446,2006,7/9/06,lythrum salicaria,http://sweetgum.nybg.org/images3/2038/309/02058495.jpg,invasive,189.0238,4.735,14.129,AS,11/18/25,
TRUE,e24d8d9b-a4fc-4d71-a525-96583db5a266,united states,usa,WGS84,"{""lat"": 42.96896, ""lon"": -72.43193}",-72.43193,42.96896,1971,7/9/71,lythrum salicaria,https://neherbaria.org/imglib/cnh/KeeneStateCollege_KESC/KESC04/KESC04993.jpg,invasive,118.6709,10.05,20.733,AV,11/18/25,main infl measured and top most leaf at the top of the image measured
TRUE,e2619f68-1371-4dc3-9190-e65af5d9256b,norway,nor,WGS84,"{""lat"": 60.0943, ""lon"": 10.1777}",10.1777,60.0943,1967,8/20/67,lythrum salicaria,https://www.unimus.no/felles/bilder/web_hent_bilde.php?id=13445771&type=jpeg,native,119.7503,2.345,4.639,AV,11/18/25,"main infl measured, and the leaf measured is the first leaf above the second piece of tape "
TRUE,e265e53d-9ce3-4a35-a803-6b1ae40e8cd5,united states,usa,WGS84,"{""lat"": 47.13391, ""lon"": -118.161572}",-118.161572,47.13391,2022,9/25/22,lythrum salicaria,https://www.pnwherbaria.org/images/jpeg.php?Image=WTU-V-116041.jpg,invasive,125,4.484,19.078,AV,11/18/25,"right infl measured, first leaf on the right stem on the left side measured (a lot of herbivory)"
TRUE,e2810728-5aec-4aac-b4d5-2777dd521424,united states,usa,WGS84,"{""lat"": 40.581742, ""lon"": -75.444681}",-75.444681,40.581742,1977,8/4/77,lythrum salicaria,http://mam.ansp.org/image/MCA/Fullsize/0041/MCA0041848.jpg,invasive,,,,AS,11/18/25,Link Broken
TRUE,e2822606-08b3-4d46-a5bd-cd47c3e5c377,united states,usa,WGS84,"{""lat"": 40.628409, ""lon"": -75.192953}",-75.192953,40.628409,1956,8/10/56,lythrum salicaria,http://mam.ansp.org/image/MCA/Fullsize/0041/MCA0041806.jpg,invasive,,,,AS,11/18/25,Link Broken
TRUE,e391edc4-c5ac-4a5d-881a-0ef6c08e38e9,united states,usa,WGS84,"{""lat"": 39.960664, ""lon"": -75.605488}",-75.605488,39.960664,1869,1869/06/25,lythrum salicaria,https://mam.ansp.org/image/PH/Fullsize/00449/PH00449171.jpg,invasive,,,,AS,11/18/25,Link Broken
TRUE,e397b319-eab1-4dc7-af73-7bdc72712422,norway,nor,WGS84,"{""lat"": 59.1299, ""lon"": 11.4306}",11.4306,59.1299,1970,7/17/70,lythrum salicaria,https://www.unimus.no/felles/bilder/web_hent_bilde.php?id=14108116&type=jpeg,native,118.6709,2.702,12.772,AV,11/18/25,"second leaf from the bottom on the right measured, main infl measured"
TRUE,e3b249fe-563f-4a13-b9ee-80524f1a2f46,norway,nor,WGS84,"{""lat"": 59.9676, ""lon"": 12.0611}",12.0611,59.9676,2004,8/25/04,lythrum salicaria,https://www.unimus.no/felles/bilder/web_hent_bilde.php?id=13429927&type=jpeg,native,119,10.263,10.377,JV,11/4/25,"Lots of herbivory, chose biggest mostly intact leaf on the upper left of the middle stem."
TRUE,e3b767b1-1f62-4b9f-814a-f2633cef561b,norway,nor,WGS84,"{""lat"": 59.6116, ""lon"": 10.4089}",10.4089,59.6116,1983,8/28/83,lythrum salicaria,https://www.unimus.no/felles/bilder/web_hent_bilde.php?id=13445770&type=jpeg,native,118,4.441,11.224,JV,11/4/25,"No good leaf, bottom right leaf used"
TRUE,e3b87237-5337-4f2d-9421-98d61aa11463,united states,usa,WGS84,"{""lat"": 44.242853, ""lon"": -116.958548}",-116.958548,44.242853,2000,8/1/00,lythrum salicaria,https://www.pnwherbaria.org/images/jpeg.php?Image=CIC042351.jpg,invasive,124.5,7.344,29.447,JV,11/4/25,Biggest leaf on bottom right
FALSE,e402c507-bf58-4806-8d24-eb9c05ad11ed,united states,usa,WGS84,"{""lat"": 40.247593, ""lon"": -76.46941}",-76.46941,40.247593,1928,8/3/28,lythrum salicaria,https://mam.ansp.org/image/PH/Fullsize/00449/PH00449118.jpg,invasive,,,,,,Link Broken
TRUE,e488af92-8de6-448f-8ae5-31d37febdc52,netherlands,nld,WGS84,"{""lat"": 53.133633, ""lon"": 6.545255}",6.545255,53.133633,1940,8/8/40,lythrum salicaria,https://medialib.naturalis.nl/file/id/L.3331292/format/large,native,35.6667,1.958,8.301,JV,11/4/25,"Two specimen shown, one on right used. Leaf third from the bottom on the left."
TRUE,e60278fb-a203-4889-9297-6f14ea3cddf2,netherlands,nld,WGS84,"{""lat"": 51.922463, ""lon"": 4.478627}",4.478627,51.922463,1899,1899/07/19,lythrum salicaria,https://medialib.naturalis.nl/file/id/L.3332963/format/large,native,39.6667,7.758,13.134,JV,11/4/25,Middle leaf on the right chosen. Inflorescence top may have been broken off. 
TRUE,e6e46297-a514-494c-bc2f-55bcac24d6cd,united states,usa,WGS84,"{""lat"": 44.925523, ""lon"": -93.200347}",-93.200347,44.925523,1977,8/1/77,lythrum salicaria,https://midwestherbaria.org/imglib/storage/uwl/aquatic/UWL0000/UWL0000048_lg.jpg,invasive,90,9.943,45.24,JV,11/4/25,Bottom left leaf used. Inflorescence 'started' at purple flower on the right side of the broken stem. 
TRUE,e6f83c26-817d-4fd7-a188-e1ffbaa82487,netherlands,nld,WGS84,"{""lat"": 51.994906, ""lon"": 6.224434}",6.224434,51.994906,1931,8/1/31,lythrum salicaria,https://medialib.naturalis.nl/file/id/L.3331237/format/large,native,35.5,12.748,23.184,JV,11/4/25,Bottom left leaf chosen.
TRUE,e77b4870-7055-47db-90bf-aac851798c3d,netherlands,nld,WGS84,"{""lat"": 51.56177, ""lon"": 4.341615}",4.341615,51.56177,1931,7/5/31,lythrum salicaria,https://medialib.naturalis.nl/file/id/L.3332989/format/large,native,35.75,8.824,17.215,JV,11/9/25,"Bottom left leaf chosen. Hard to see bottom, so was estimated. Left middle inflorescence chosen as longest. "
TRUE,e7fc4321-308d-46e7-a802-3cf1b514c90b,united states,usa,WGS84,"{""lat"": 36.079145, ""lon"": -80.094871}",-80.094871,36.079145,1992,8/8/92,lythrum salicaria,https://sernecportal.org/imglib/seinet/sernec/NCU_VascularPlants/NCU00116/NCU00116790_01.JPG,invasive,118,5.05,17.011,JV,11/9/25,"Picture does not appear completely flat. Left scale used to set scale. Middle inflorescence used. Bottom leaf of middle inflourescence chosen, hard to see so estimations were made. "
TRUE,e8df2fc7-706f-4eca-8bd1-f56ad3725f39,norway,nor,WGS84,"{""lat"": 59.0515, ""lon"": 10.0363}",10.0363,59.0515,1894,1894/08/20,lythrum salicaria,https://www.unimus.no/felles/bilder/web_hent_bilde.php?id=13445793&type=jpeg,native,118,13.248,27.934,JV,11/9/25,"Bottom left leaf chosen, since it was flipped some estimations had to be made. Middle inflorescence used, difficult to tell where flowers started. "
TRUE,e9984036-b406-4f20-bb45-487722add4a0,norway,nor,WGS84,"{""lat"": 59.6243, ""lon"": 11.3936}",11.3936,59.6243,1875,1875/07/08,lythrum salicaria,https://www.unimus.no/felles/bilder/web_hent_bilde.php?id=13444294&type=jpeg,native,118.5,6.195,28.149,JV,11/10/25,Bottom left leaf of right plant part used. Leaf measured in two parts and then added together to account for overlap of flipped part. 
TRUE,e9d21573-2cc1-45a8-aa7f-54e439cca56d,norway,nor,WGS84,"{""lat"": 59.6628, ""lon"": 10.6418}",10.6418,59.6628,1919,5/20/19,lythrum salicaria,https://www.unimus.no/felles/bilder/web_hent_bilde.php?id=13387387&type=jpeg,native,117,12.502,31.544,JV,11/9/25,Bottom left leaf used. 
TRUE,ea658c1b-0ef8-47e8-9ced-93e229f6334b,united states,usa,WGS84,"{""lat"": 42.82342, ""lon"": -71.625626}",-71.625626,42.82342,1907,8/31/07,lythrum salicaria,https://swbiodiversity.org/imglib/h_seinet/seinet/ASU/ASU0112/ASU0112997_lg.jpg,invasive,117,4.329,8.253,JV,11/9/25,"Very leafy, middle height leaf on the middle stalk used. Ninth from the top. Right inflorescence used. "
TRUE,ea9e497e-b55b-46a8-9378-b854f50317df,united states,usa,WGS84,"{""lat"": 43.05807, ""lon"": -70.78256}",-70.78256,43.05807,2002,8/6/02,lythrum salicaria,https://neherbaria.org/imglib/cnh/UniversityofNewHampshire_NHA/NHA-500/NHA-500860.jpg,invasive,117,4.505,17.081,JV,11/9/25,Left leaf third up from the bottom chosen (excluding dead leaf at the very bottom).
TRUE,eb2238e3-aa45-44b6-8ed7-b3c13bce485b,united states,usa,WGS84,"{""lat"": 35.887996, ""lon"": -79.015676}",-79.015676,35.887996,1951,6/30/51,lythrum salicaria,https://sernecportal.org/imglib/seinet/sernec/NCU_VascularPlants/NCU00116/NCU00116792_01.JPG,invasive,119,3.516,12.161,JV,11/9/25,"Left scale used. Right leaf 2nd/3rd up used. Inflorescence broken at the top, so it was measured in segments and the lengths were added. Possible whole plant not present. "
FALSE,eb6a9450-4ff4-4268-96ab-fb53de7dc64a,netherlands,nld,WGS84,"{""lat"": 52.634704, ""lon"": 4.833242}",4.833242,52.634704,1942,6/1/42,lythrum salicaria,https://medialib.naturalis.nl/file/id/L.3331284/format/large,native,35.75,,26.071,JV,11/9/25,"Only inflorescence present, unclear if is entire inflorescence. "
FALSE,eb9df24e-5223-4e5e-862f-6ef3371d1dfa,united states,usa,WGS84,"{""lat"": 41.435, ""lon"": -75.17583}",-75.17583,41.435,2004,8/22/04,lythrum salicaria,http://mam.ansp.org/image/CM/Fullsize/465/CM465035.jpg,invasive,,,,,,Link Broken
TRUE,ebffda64-9a64-48aa-9732-fb92808851da,netherlands,nld,WGS84,"{""lat"": 51.937068, ""lon"": 4.114772}",4.114772,51.937068,1955,8/12/55,lythrum salicaria,https://medialib.naturalis.nl/file/id/L.3331118/format/large,native,36,8.969,7.418,JV,11/9/25,Leaf on the upper side of the plant coming off on the right chosen. Bottom of inflorescence not visible and was estimated. 
FALSE,ec1bf505-62a6-4b39-b43b-5eba55824460,united states,usa,WGS84,"{""lat"": 40.708659, ""lon"": -75.530184}",-75.530184,40.708659,1974,7/10/74,lythrum salicaria,http://mam.ansp.org/image/MCA/Fullsize/0041/MCA0041829.jpg,invasive,,,,,,Link Broken
TRUE,ec217862-9b7a-415a-9dd6-f9ff15b05db2,netherlands,nld,WGS84,"{""lat"": 52.37285, ""lon"": 4.616257}",4.616257,52.37285,1842,1842/07/01,lythrum salicaria,https://medialib.naturalis.nl/file/id/L.3331110/format/large,native,36,9.59,9.818,JV,11/9/25,Bottom right leaf and leftmost inflorescence used. Lots of herbivory present. Bottom of inflorescence estimated. 
TRUE,ecdefba7-2e0e-4925-89d0-3dfc7ab87c0e,netherlands,nld,WGS84,"{""lat"": 52.24041, ""lon"": 5.204188}",5.204188,52.24041,1928,8/1/28,lythrum salicaria,https://medialib.naturalis.nl/file/id/U.1362241/format/large,native,36,4.755,12.871,JV,11/9/25,"On right branch, leaf on the right and third from the bottom was chosen. "
TRUE,ed0d18a9-7437-4fee-b14e-87b0c354f8ed,netherlands,nld,WGS84,"{""lat"": 52.329147, ""lon"": 4.83707}",4.83707,52.329147,1842,1842/07/01,lythrum salicaria,https://medialib.naturalis.nl/file/id/L.3331098/format/large,native,39.25,6.378,11.301,JV,11/9/25,Leaf fourth up on the left side chosen. 
TRUE,ed23c14e-4326-4716-b6e0-e0a368f466a9,united states,usa,WGS84,"{""lat"": 37.320437, ""lon"": -76.491809}",-76.491809,37.320437,2011,9/2/11,lythrum salicaria,https://sernecportal.org/imglib/seinet/sernec/WILLI/00078/78609.jpg,invasive,123,2.896,9.511,JV,11/10/25,"Very leafy, difficult to find largest leaf. Biggest leaves at the bottom appear to be broken. Several other leaves measured to find biggest whole leaf, chosen leaf left side with smal tear and partially flipped over. Left inflorescence used."
TRUE,edf382c9-ec53-456b-8e3d-5072e27c4feb,norway,nor,WGS84,"{""lat"": 59.7365, ""lon"": 10.2211}",10.2211,59.7365,2013,8/24/13,lythrum salicaria,https://www.unimus.no/felles/bilder/web_hent_bilde.php?id=14118490&type=jpeg,native,118,2.826,3.359,JV,11/10/25,Left leaf second up used. Difficult to tell if entire inflorescence is shown. Inflorescence was measured along stem until end was measured to tip of last petal.
FALSE,ee0d58a1-623d-47ff-8c67-059562a72b7d,united states,usa,WGS84,"{""lat"": 40.5309416667, ""lon"": -79.849075}",-79.849075,40.53094167,2018,8/15/18,lythrum salicaria,http://mam.ansp.org/image/CM/Fullsize/551/CM551524.jpg,invasive,,,,,,Link Broken
FALSE,ee1b128e-75db-440d-a00b-6fe1bc8455d1,united states,usa,WGS84,"{""lat"": 40.904816, ""lon"": -75.174894}",-75.174894,40.904816,1942,7/26/42,lythrum salicaria,https://mam.ansp.org/image/PH/Fullsize/00449/PH00449083.jpg,invasive,,,,,,Link Broken
TRUE,ee7aaad3-6bb7-4f02-b9cf-94de79a25844,netherlands,nld,WGS84,"{""lat"": 52.419018, ""lon"": 4.835952}",4.835952,52.419018,1914,7/1/14,lythrum salicaria,https://medialib.naturalis.nl/file/id/L.3331367/format/large,native,36,4.248,11.336,JV,11/16/25,"Several leaves measured to find the largest, fourth leaf up on the left was largest. Difficult to tell where inflorescence began, assumed to be the node below the first visible purple flower. "
TRUE,eecdfb8b-a6ce-4faf-9c72-3cd5b167ad52,netherlands,nld,WGS84,"{""lat"": 52.059163, ""lon"": 4.767488}",4.767488,52.059163,1942,7/5/42,lythrum salicaria,https://medialib.naturalis.nl/file/id/L.3331242/format/large,native,35.75,6.443,15.88,JV,11/16/25,"Leaves very crinkled and not flat, right leaf on second node used. Middlemost inflorescence used. "
FALSE,ef1cf53c-dec5-4164-ba27-e92633b99c62,united states,usa,WGS84,"{""lat"": 43.372324, ""lon"": -78.339021}",-78.339021,43.372324,1974,7/10/74,lythrum salicaria,http://mam.ansp.org/image/CM/Fullsize/217/CM217413.jpg,invasive,,,,,,Link Broken
TRUE,ef89a5ec-c4bd-424a-ab2b-c64d70e9ed10,united states,usa,WGS84,"{""lat"": 41.049009, ""lon"": -100.429424}",-100.429424,41.049009,1989,8/6/89,lythrum salicaria,https://ngpherbaria.org/imglib/seinet/ngph/CSCN/CSCN-V-0048/CSCN-V-0048471_lg.jpg,invasive,100,16.672,14.867,JV,11/16/25,"Left inflorescence used. Bottom leftmost leaf used, other large leaves could not completely be seen. "
TRUE,efe7784a-801e-4ea6-9247-35fce3affbbb,norway,nor,WGS84,"{""lat"": 58.1097, ""lon"": 6.5696}",6.5696,58.1097,1954,8/10/54,lythrum salicaria,https://www.unimus.no/felles/bilder/web_hent_bilde.php?id=13386558&type=jpeg,native,118.3333,11.023,22.608,JV,11/16/25,Bottom left leaf measured. Middlemost inflorescence measured.
TRUE,f002168d-c2e2-4df8-886d-63dcb94a9738,norway,nor,WGS84,"{""lat"": 60.0001, ""lon"": 5.7954}",5.7954,60.0001,1924,8/11/24,lythrum salicaria,https://www.unimus.no/felles/bilder/web_hent_bilde.php?id=13445842&type=jpeg,native,119,17.243,25.196,JV,11/16/25,"Leaf used on left specimen on second node from the bottom on the left side. Could not see where inflorescences began ended. Starting at first visible flower before the break, left inflorescence used."
TRUE,f00841bd-85a0-4c04-bec5-72cd65af86d6,united states,usa,WGS84,"{""lat"": 36.079145, ""lon"": -80.094871}",-80.094871,36.079145,1992,8/8/92,lythrum salicaria,https://sernecportal.org/imglib/seinet/sernec/NCU_VascularPlants/NCU00116/NCU00116791_01.JPG,invasive,118.5,3.94,12.935,JV,11/16/25,Leaves all damaged or crumpled. Large middle leaf on middle stem about lower middle height used. Rightmost inflorescence measured. 
FALSE,f02c775e-9240-438f-bd3d-f419718195fa,united states,usa,WGS84,"{""lat"": 41.417614, ""lon"": -73.89618}",-73.89618,41.417614,1934,8/21/34,lythrum salicaria,https://mam.ansp.org/image/PH/Fullsize/00449/PH00449315.jpg,invasive,,,,,,Link Broken
FALSE,f040a274-2446-4694-ad97-4cdb03036500,united states,usa,WGS84,"{""lat"": 40.31425, ""lon"": -74.901165}",-74.901165,40.31425,1923,8/28/23,lythrum salicaria,https://mam.ansp.org/image/PH/Fullsize/00449/PH00449184.jpg,invasive,,,,,,Link Broken
TRUE,f09aa0af-3520-4055-ba90-15fd3d6ead2a,norway,nor,WGS84,"{""lat"": 59.585, ""lon"": 11.4537}",11.4537,59.585,1997,7/27/97,lythrum salicaria,https://www.unimus.no/felles/bilder/web_hent_bilde.php?id=13419913&type=jpeg,native,118,4.751,23.517,JV,11/17/25,Second from the bottom right leaf found to be the biggest. Left inflorescence measured. 
TRUE,f0e3c452-cac8-4e38-b167-3f7242f9637d,netherlands,nld,WGS84,"{""lat"": 52.281936, ""lon"": 4.471289}",4.471289,52.281936,1961,7/22/61,lythrum salicaria,https://medialib.naturalis.nl/file/id/L.3331183/format/large,native,36,2.071,14.57,JV,11/17/25,"Specimen is inflorescence only, but with some leaves. Right leaf second from bottom found to be largest. "
TRUE,f0e6d9bd-d594-4a8a-8803-dc92d1825b58,netherlands,nld,WGS84,"{""lat"": 52.100581, ""lon"": 4.28527}",4.28527,52.100581,1911,7/1/11,lythrum salicaria,https://medialib.naturalis.nl/file/id/L.3331365/format/large,native,36,8.218,19.572,JV,11/17/25,Bottom right leaf found to be the largest. Inflorescence beggining at second node. 
FALSE,f115307f-6830-4cc8-90bc-66c27816635e,united states,usa,WGS84,"{""lat"": 41.125651, ""lon"": -74.955727}",-74.955727,41.125651,1904,8/26/04,lythrum salicaria,https://mam.ansp.org/image/PH/Fullsize/00449/PH00449128.jpg,invasive,,,,,,Link Broken
TRUE,f1352b16-d1e6-483e-ad1f-e1612ed1db65,norway,nor,WGS84,"{""lat"": 60.0849, ""lon"": 10.2313}",10.2313,60.0849,1995,9/2/95,lythrum salicaria,https://www.unimus.no/felles/bilder/web_hent_bilde.php?id=13411213&type=jpeg,native,117,8.014,4.938,JV,11/17/25,Large specimen with small inflorescence. Largest leaf found was the one at the bottom of the break pointing left. Inflorescence began just under the tape. 
TRUE,f16b1f81-f2b9-4c80-866e-3a02caa08e76,norway,nor,WGS84,"{""lat"": 59.0198, ""lon"": 11.0117}",11.0117,59.0198,1968,6/30/68,lythrum salicaria,https://www.unimus.no/felles/bilder/web_hent_bilde.php?id=13444298&type=jpeg,native,118,2.843,6.556,JV,11/17/25,Bottom right leaf on left specimen measured. Left inflorescence measured. 
TRUE,f3d69c8c-1d1b-4397-9dd8-ecdb2d19e602,netherlands,nld,WGS84,"{""lat"": 52.104779, ""lon"": 4.912819}",4.912819,52.104779,1941,7/14/41,lythrum salicaria,https://medialib.naturalis.nl/file/id/L.3331134/format/large,native,35.75,5.194,11.1,JV,11/17/25,Bottom left leaf on left specimen measured. Left inflorescence measured since flowers appear to be at lowest node. 
TRUE,f49cf0ce-9c01-49c1-bad1-36fc75607481,netherlands,nld,WGS84,"{""lat"": 51.858867, ""lon"": 5.95825}",5.95825,51.858867,2011,7/20/11,lythrum salicaria,https://medialib.naturalis.nl/file/id/L.2073582/format/large,native,36,6.038,9.371,JV,11/17/25,Bottom right leaf measured.
FALSE,f4ca294d-a5a1-493c-848b-500af93e013b,united states,usa,WGS84,"{""lat"": 40.451886, ""lon"": -75.067007}",-75.067007,40.451886,1884,1884/08/26,lythrum salicaria,https://mam.ansp.org/image/PH/Fullsize/00449/PH00449228.jpg,invasive,,,,,,Link Broken
TRUE,f537cd0f-1f95-4625-8c55-8fa75bb1f9cf,ireland,irl,WGS84,"{""lat"": 53.387526, ""lon"": -9.928207}",-9.928207,53.387526,1970,7/18/70,lythrum salicaria,https://www.pnwherbaria.org/images/jpeg.php?Image=EWU003319.jpg,native,126,5.748,21.72,JV,11/17/25,"Leaf pointing right at bottom of break measured, likely not biggest but most complete. Inflorescence started third node from the top. "
FALSE,f54fe854-b6d8-4da7-a153-9079f4134b56,united states,usa,WGS84,"{""lat"": 40.566364, ""lon"": -75.518915}",-75.518915,40.566364,1975,7/21/75,lythrum salicaria,http://mam.ansp.org/image/MCA/Fullsize/0041/MCA0041826.jpg,invasive,,,,,,Link Broken
FALSE,f565e1d8-6f6b-4cf9-bc10-8183da7fdebb,united states,usa,WGS84,"{""lat"": 40.892877, ""lon"": -73.972638}",-73.972638,40.892877,1883,1883/07/26,lythrum salicaria,https://mam.ansp.org/image/PH/Fullsize/00449/PH00449304.jpg,invasive,,,,,,Link Broken
TRUE,f589916e-41af-4e75-b030-7e2ad8f6666d,united states,usa,WGS84,"{""lat"": 44.387333, ""lon"": -89.921167}",-89.921167,44.387333,2011,8/10/11,lythrum salicaria,https://midwestherbaria.org/imglib/storage/portals/seinet/midwest/UWSP/UWSP-V-0010/24878a000d3f419e0bb86e80e4dc39_1527784251_lg.jpg,invasive,81,10.723,20.719,JV,11/17/25,"Though incomplete, largest leaf was the taped leaf and was measured. Leftmost inflorescence found to be longest. "
TRUE,f6f89474-ea6d-4d5c-b10e-db562fae25b0,united states,usa,WGS84,"{""lat"": 38.64959, ""lon"": -88.918973}",-88.918973,38.64959,1970,8/4/70,lythrum salicaria,https://storage.idigbio.org/wis/aquatic/v0305/v0305277WIS_lg.jpg,invasive,88.5,3.502,57.403,JV,11/17/25,"Lot of herbivory, bottom left leaf measured. Inflorescence abnormally long or took up abnormally large part of specimen. Inflorescence began at second node after the first break."
TRUE,f73c83e6-7b73-477c-94f8-b27d05d8e5fa,united states,usa,WGS84,"{""lat"": 42.60247, ""lon"": -71.36091}",-71.36091,42.60247,1984,8/16/84,lythrum salicaria,https://neherbaria.org/imglib/cnh/WesternConnecticutStateUniversity_WCSU/WCSU-02/WCSU-02614.jpg,invasive,144,5.914,17.924,JV,11/17/25,"Middle most leaf measured, many leaves overlapping. Middle inflorescence used."
TRUE,f7451100-020c-405a-8d44-8a0941eb7ad8,united states,usa,WGS84,"{""lat"": 42.81279, ""lon"": -70.88219}",-70.88219,42.81279,1981,7/23/81,lythrum salicaria,https://neherbaria.org/imglib/cnh/WestfieldStateUniversity_WSCH/WSCH002/WSCH002914.jpg,invasive,125,5.249,7.715,JV,11/17/25,Leaf third node up on the right was biggest.
TRUE,f7cf3687-8503-41ca-af6f-b4b61f1e7ce8,united states,usa,WGS84,"{""lat"": 41.70119, ""lon"": -72.67036}",-72.67036,41.70119,1970,7/23/70,lythrum salicaria,http://nansh.org/imglib/seinet/nansh/VT/UVMVT082/UVMVT082094.jpg,invasive,123,7.446,32.029,JV,11/17/25,Top left leaf used (is actually the bottom right of the plant itself). Right inflorescence used.
TRUE,f7d4c89e-919b-48db-9744-b6e39e234990,united states,usa,WGS84,"{""lat"": 41.269445, ""lon"": -74.78783}",-74.78783,41.269445,1950,8/3/50,lythrum salicaria,https://midwestherbaria.org/imglib/seinet/midwest/DEK/DEK00106/DEK00106631_1739399525_lg.jpg,invasive,79.5,4.926,16.688,JV,11/18/25,"Difficult to see leaves and tell where leaves overlapped. Leaf chosen in the middle under smaller leaves, pointing down and is likely not largest but able to measure. Second to leftmost inflorescence was longest. "
TRUE,f85cc58f-bdaf-41d4-a55d-784c72811106,united states,usa,WGS84,"{""lat"": 44.352506, ""lon"": -105.416378}",-105.416378,44.352506,1978,8/18/78,lythrum salicaria,https://botanydb.colorado.edu/botany/COLO_V/02235/02235091.jpg,invasive,52.3333,9.993,14.669,JV,11/18/25,Leaves overlapping and torn. Bottom torn leaf used since it was relatively easy to see (bottom of photo not specimen). Largest inflorescence is obvious. 
TRUE,f9190fbd-856f-45cf-86bd-41c7f75cb148,norway,nor,WGS84,"{""lat"": 59.7531, ""lon"": 10.8411}",10.8411,59.7531,1996,8/6/96,lythrum salicaria,https://www.unimus.no/felles/bilder/web_hent_bilde.php?id=13411942&type=jpeg,native,118,16.22,16.611,JV,11/18/25,"Though cut off, leftmost leaf was biggest and not covered by other leaves, so it was measured. Left upright inflorescence easiest to see and was measured. "
TRUE,f9318781-d8ba-4010-ade6-8f804201f186,netherlands,nld,WGS84,"{""lat"": 52.312107, ""lon"": 5.101242}",5.101242,52.312107,1930,7/24/30,lythrum salicaria,https://medialib.naturalis.nl/file/id/L.3331089/format/large,native,35.75,4.986,24.02,JV,11/18/25,Leaf pointing down to the right before the break was largest. Inflorescence began two nodes before the lower tape on the inflorescence. 
FALSE,f93c59f9-7981-4e89-9f3e-a4cfb3f50c6c,united states,usa,WGS84,"{""lat"": 40.441461, ""lon"": -75.318249}",-75.318249,40.441461,1951,8/19/51,lythrum salicaria,https://mam.ansp.org/image/PH/Fullsize/00449/PH00449181.jpg,invasive,,,,,,Link Broken
FALSE,f9b69ad5-e53b-4688-a52c-a20229f8837d,united states,usa,WGS84,"{""lat"": 39.927175, ""lon"": -75.129939}",-75.129939,39.927175,1891,1891/07/03,lythrum salicaria,https://mam.ansp.org/image/PH/Fullsize/00449/PH00449261.jpg,invasive,,,,,,Link Broken
FALSE,f9ba3322-88f1-4cca-933d-c6a7bef94b35,united states,usa,WGS84,"{""lat"": 39.782254, ""lon"": -75.43063}",-75.43063,39.782254,1934,11/7/34,lythrum salicaria,https://mam.ansp.org/image/PH/Fullsize/00449/PH00449278.jpg,invasive,,,,,,Link Broken
TRUE,fa7a0c47-2c8a-45d3-988f-54af7dc40506,norway,nor,WGS84,"{""lat"": 59.6744, ""lon"": 10.7489}",10.7489,59.6744,1999,8/16/99,lythrum salicaria,https://www.unimus.no/felles/bilder/web_hent_bilde.php?id=13424902&type=jpeg,native,118,6.345,11.032,JV,11/18/25,Largest visible leaf is bottom right of the right inflorescence. Left inflorescence measured. 
TRUE,fb144643-f463-466b-abc5-faf629a72649,norway,nor,WGS84,"{""lat"": 59.6734, ""lon"": 5.9457}",5.9457,59.6734,1860,1860/08/19,lythrum salicaria,https://www.unimus.no/felles/bilder/web_hent_bilde.php?id=13445836&type=jpeg,native,118.3333,17.061,14.817,JV,11/18/25,"Though not fully visible, largest leaf found was second from the bottom on the right. "
TRUE,fb4fbea4-f007-46ea-8af4-0647e91f3996,netherlands,nld,WGS84,"{""lat"": 52.147143, ""lon"": 6.300338}",6.300338,52.147143,1907,8/1/07,lythrum salicaria,https://medialib.naturalis.nl/file/id/L.3331301/format/large,native,37,7.108,16.15,JV,11/18/25,Leaf on middle plant third from the bottom on the left measured. Middle inflorescence measured. 
TRUE,fbcc64f9-67ac-4b4e-86e8-f2b72c6911f6,united states,usa,WGS84,"{""lat"": 40.771894, ""lon"": -98.493129}",-98.493129,40.771894,1991,8/8/91,lythrum salicaria,https://ngpherbaria.org/imglib/seinet/ngph/CSCN/CSCN-V-0048/CSCN-V-0048466_lg.jpg,invasive,99.505,6.5,14.211,JV,11/18/25,"Leaf pointing up left near the bottom measured. Cluttered specimen, difficult to pick out 1 inflorescence. Third or fourth inflorescence from the left measured (the tall one)."
TRUE,fc218e60-a221-401a-b13a-9023fb8f3404,netherlands,nld,WGS84,"{""lat"": 53.537776, ""lon"": 6.571336}",6.571336,53.537776,1969,8/5/69,lythrum salicaria,https://medialib.naturalis.nl/file/id/L.3331241/format/large,native,35.5,1.533,10.587,JV,11/18/25,"Small specimens, possibly just top of plants. Largest leaf on left specimen third node up on the right. Left inflorescence measured."
TRUE,fc47d828-9d12-47c8-b99a-4f90e1633c7c,netherlands,nld,WGS84,"{""lat"": 53.49609, ""lon"": 6.178347}",6.178347,53.49609,1950,8/15/50,lythrum salicaria,https://medialib.naturalis.nl/file/id/L.3331135/format/large,native,35.3333,3.522,7.913,JV,11/18/25,"Similar to above, few and small leaves, several inflorescences. Leaf measured on rightmost plant about third or fourth node up in the middle. Second to leftmost inflorescence measured. "
TRUE,fc89933f-513d-4470-be96-ddd2c48175dd,united states,usa,WGS84,"{""lat"": 39.9882074, ""lon"": -105.2199599}",-105.2199599,39.9882074,1994,8/2/94,lythrum salicaria,https://botanydb.colorado.edu/COLO_V/00446/00446476.jpg,invasive,45.25,9.464,25.096,JV,11/18/25,Broken leaf on top of inflourescences measured. Largest inflorescence obvious.
TRUE,fcad1f75-9773-4bf7-89d3-034692651288,netherlands,nld,WGS84,"{""lat"": 52.015713, ""lon"": 5.205109}",5.205109,52.015713,1840,1840/01/01,lythrum salicaria,https://medialib.naturalis.nl/file/id/L.3331080/format/large,native,35.25,16.019,7.122,JV,11/18/25,Bottommost leaf measured. Left tall inflorescence measured. 
TRUE,fce29b1c-6f61-4c57-a2e2-a86ea9f43e1e,norway,nor,WGS84,"{""lat"": 60.641, ""lon"": 4.9586}",4.9586,60.641,1911,8/4/11,lythrum salicaria,https://www.unimus.no/felles/bilder/web_hent_bilde.php?id=13445844&type=jpeg,native,119,11.05,12.223,JV,11/18/25,"Bottom left leaf in middle specimen measured, no perfect leaf. Left inflorescence measured. "
TRUE,fd097baf-f07e-4bc5-b90a-88872cb4ad12,netherlands,nld,WGS84,"{""lat"": 52.28499, ""lon"": 5.731599}",5.731599,52.28499,1963,9/3/63,lythrum salicaria,https://medialib.naturalis.nl/file/id/WAG.1071140/format/large,native,42.6667,2.399,3.201,JV,11/18/25,Small specimen. Second leaf up on the right measured. 
TRUE,fd4557d4-6655-497c-ac39-26d4a49563da,united states,usa,WGS84,"{""lat"": 43.270143, ""lon"": -91.0319}",-91.0319,43.270143,1982,8/7/82,lythrum salicaria,https://midwestherbaria.org/imglib/storage/uwl/aquatic/UWL0000/UWL0000003_lg.jpg,invasive,89,3.856,30.201,JV,11/18/25,Leaves mostly crumpled. Long leaf towards the bottom on the right was chosen. Longest inflorescence obvious. 
TRUE,fd5ace7c-24d8-485e-871a-945db3162cfa,united states,usa,WGS84,"{""lat"": 39.781709, ""lon"": -86.138472}",-86.138472,39.781709,1925,7/15/25,lythrum salicaria,https://storage.idigbio.org/wis/aquatic/v0305/v0305279WIS_lg.jpg,invasive,89.5126,6.046,20.746,JV,11/18/25,Largest leaf on the stem the second biggest from the bottom. Longest inflorescence on the left. 
TRUE,fda7a9cb-1729-4008-839a-f522801eb890,norway,nor,WGS84,"{""lat"": 59.0612, ""lon"": 10.3043}",10.3043,59.0612,1933,6/22/33,lythrum salicaria,https://www.unimus.no/felles/bilder/web_hent_bilde.php?id=13445799&type=jpeg,native,118,8.518,,JV,11/18/25,No inflorescence present. Largest leaf is the long one on the right after the break. 
FALSE,fdae4b53-d6d4-4011-a936-3b82813cba57,united states,usa,WGS84,"{""lat"": 40.363191, ""lon"": -74.919969}",-74.919969,40.363191,1972,8/24/72,lythrum salicaria,https://mam.ansp.org/image/PH/Fullsize/00449/PH00449235.jpg,invasive,,,,,,Link Broken
TRUE,fde214bd-0848-496e-8b3c-680e39f3d848,united states,usa,WGS84,"{""lat"": 42.46798, ""lon"": -124.34262}",-124.34262,42.46798,2015,9/11/15,lythrum salicaria,https://api.idigbio.org/v2/media/3a23165937bfdee6e95163b67fd540b8?size=fullsize,invasive,122,5.631,31.937,JV,11/18/25,"Biggest leaf on middle branch, fourth node up, pointing down on the left. Broken inflorescence is longest. "
TRUE,fe33cfa2-8bbc-42df-855a-9c5270b4467a,norway,nor,WGS84,"{""lat"": 59.8681, ""lon"": 11.5629}",11.5629,59.8681,1933,7/11/33,lythrum salicaria,https://www.unimus.no/felles/bilder/web_hent_bilde.php?id=13387383&type=jpeg,native,118,5.379,12.673,JV,11/18/25,Left on left top before the break largest. 
FALSE,fe43d72c-1832-485f-8af7-49cb2a1cd971,united states,usa,WGS84,"{""lat"": 41.1185, ""lon"": -73.4227}",-73.4227,41.1185,1910,7/20/10,lythrum salicaria,http://deliver.odai.yale.edu/content/repository/YPM/id/197636/format/3,invasive,,,,,,Link Broken